,dearlittlecouple.xml
,394
!,379
&,1
',448
'',1567
'67,1
'cause,7
'd,1
'em,35
'n,9
'n',4
's,429
't,2
",",8453
-,1
--,368
-lrb-,37
-lsb-,17
-rrb-,37
-rsb-,17
.,3332
10th,1
1867,1
8,1
:,63
;,836
?,421
AMY,2
ANACAPRI,1
AUNT,1
Adam,7
Addio,1
African,1
Alabama,1
Almiry,3
Alps,1
America,5
Amie,2
Amy,184
Anacapri,6
Anderl,4
Angelo,3
Angry,2
Ann,5
Apollo,2
Art,4
Associated,1
August,2
Aunt,100
Auntie,7
Austria,1
Avast,1
BARON,2
BOUND,1
Baa-Baa,1
Baby,1
Baden,4
Baden-Baden,3
Bah,1
Bahr,8
Banggore,1
Banks,1
Barnum,1
Baron,5
Basset,12
Bassets,1
Bay,3
Bear,1
Beaufort,2
Bellows,1
Bells,1
Ben,1
Bent,4
Beppo,1
Berlin,1
Bethel,1
Bethlehem,1
Better,1
Beulah,1
Bewlah,12
Bible,1
Biceps,1
Biddy,3
Biebrich,2
Billy,1
Blish,1
Blue,2
Bob,11
Bon,2
Boston,2
Bracdon,1
Bravo,2
Bridget,5
Bridgie,2
Brother,1
Brown,1
Bruce,1
CHAPTER,2
CHATEAU,1
CHRISTMAS,1
CLOSE,1
COUPLE,1
COURIER,1
Calmuck,1
Cambridge,1
Cap,2
Capri,9
Captain,3
Care,1
Carlsruhe,1
Casimer,51
Catholic,3
Charities,1
Charlotte,1
Chesterfield,1
Children,1
Chillon,4
Chimes,1
Christ,1
Christian,1
Christmas,12
Church,1
City,1
Clarens,1
Class,4
Claude,2
Co.,1
Coblentz,5
Collins,8
Coming,1
Common,1
Conrad,1
Cook,1
Copperhead,1
Count,1
Couples,1
Course,2
Cousin,3
Crazy,1
Cumberland,5
Cummings,1
Cutter,4
DUTY,1
Daisy,1
Darling,11
Darlings,1
Day,4
Dean,16
Dear,6
Delilah,1
Deltoides,1
Deuce,2
Devil,1
Dick,18
Dickens,1
Dickenson,3
Dieu,1
Dill,1
Dinner,1
Dodd,1
Dr.,3
Dresden,1
EXCURSION,1
East,1
Education,1
Egypt,1
Elfrida,1
Em,1
Emily,36
England,5
Englander,2
English,29
Englishman,2
Englishmen,1
Englishwomen,1
Eolian,1
Erskine,4
Europe,5
Eve,2
Farewell,1
Father,2
Federalist,1
Finding,1
Fishers,1
Flanagin,3
Flaxman,1
Fletcher,21
Flexis,1
Flexor,1
Flint,22
Fortress,1
French,6
Freshs,1
Friedel,2
Funda,1
Gage,3
Gazzy,1
Geneva,2
George,1
German,3
Germans,2
Germany,4
Gettysburg,1
Giovanni,7
Gipsies,1
Glad,1
God,15
Goethe,1
Goin,1
Goliath,1
Grand,1
Grandma,1
Great,1
Greener,1
Gretchens,1
Grotto,2
Grundy,1
Guard,1
Guardy,1
HAND,1
HER,1
HOMEWARD,1
Hahnemann,1
Hal,1
Hall,5
Hallelujah,1
Hammond,2
Hammonds,1
Hang,1
Hans,1
Harry,7
Heart,1
Heath,2
Heaven,2
Heidelberg,7
Helen,173
Heloise,1
Helčne,3
Herrick,1
Higginson,1
High,1
Hiram,10
Hoffman,67
Holy,2
Home,1
Homer,2
Hooray,2
Hope,1
Horace,5
Horatius,2
Hornpipe,1
Hour,2
Hum,1
Hurrah,1
I,2335
I.,1
II,1
III,4
Idleness,1
Illinois,1
India,2
Inquire,1
Into,1
Italian,1
Italians,2
Italy,3
Jack,54
Jane,1
Jericho,1
Jerusalem,1
Jim,6
Joe,63
John,2
Jones,3
Joseph,1
Joshua,3
Josiah,3
Jr.,2
Judge,1
Juliets,1
June,1
K.,1
KARL,1
KIPP,1
Karl,46
Katy,4
Kaumchenungamooth,1
Kind,1
King,2
Kingdom,1
Kipp,66
Kitty,80
Kursaal,1
LA,1
LITTLE,1
LUDMILLA,1
La,3
Ladies,1
Lamb,7
Lambkin,1
Lambkins,1
Larkie,1
Larkins,5
Laugh,1
Lauriger,1
Lausanne,1
Lawrence,1
Leaning,2
Lee,1
Legion,1
Leonard,1
Lesser,1
Little,2
Lizzie,3
Longfellow,1
Lord,7
Lorraine,1
Lost,1
Lottchen,2
Lucindy,12
Ludmilla,6
Lyceum,4
MY,1
Ma,5
Mademoiselle,10
Madonnas,1
Maiden,1
Maine,5
Major,4
Make,1
Mamma,46
Mammas,1
March,1
Margaret,7
Margraf,1
Marie,1
Mary,10
Massachusetts,3
Master,1
May,12
Merci,1
Mercury,1
Methodist,1
Michael,3
Mike,1
Miles,1
Mind,1
Minna,6
Mis,4
Miss,29
Mon,2
Money,1
Monie,2
Monsieur,4
Montreaux,4
Mortimer,1
Mother,2
Mount,2
Mr.,19
Mrs.,59
Murillo,1
Musk,1
NAPLES,2
Naouw,1
Napelers,1
Naples,14
Nash,1
Nature,2
Nay,1
Nell,20
New,9
Nigh,1
Nightingales,1
North-End,1
Norway,1
November,1
O,1
ON,1
Oak,1
October,3
Old,2
Olympus,1
Orthodox,1
P.,8
PICKET,1
POLLY,1
POMPEII,1
PSYCHE,1
Painters,1
Palmanis,1
Palsdorf,11
Paradise,3
Paris,7
Parr,2
Parson,1
Partridge,2
Patsey,1
Paul,11
Peace,2
Peacock,1
Peerybingle,1
Pennsylvania,2
Peter,1
Peters,3
Phebus,1
Phil,18
Philadelphia,1
Pinkbonnet,1
Plucky,1
Plumy,27
Poland,9
Pole,17
Poles,1
Polish,1
Polly,171
Pollybus,1
Pologne,1
Pompawy,1
Pompeii,5
Ponsonby,1
Poor,13
Portia,1
Power,3
Prakora,2
Pretty,3
Princess,1
Pris,28
Priscilla,3
Professor,1
Promise,1
Pronator,1
Protestant,1
Providence,1
Prussia,1
Psyche,40
Publishers,1
Punnobscot,1
Purgatory,1
Puritan,1
Purlash,1
Quaker,1
Queer,1
RED,1
Randal,51
Raphael,5
Red,1
Reelly,1
Rembrandt,1
Review,1
Rhine,3
Rich,1
Riz,1
Romeos,1
Room,2
Roserl,2
Rousseau,1
Rubens,3
Ruche,1
Rude,1
Rudolstadt,1
Run,1
Ruskin,1
Russia,1
Ruth,35
S.P.,2
SOPHIE,1
SORRENTO,1
SURPRISE,2
Saint,1
Samson,2
Samuel,3
Saul,52
Schloss,1
Scotch,2
Scotchie,1
Scotchman,2
Scripter,1
Secession,1
Severin,3
Shanter,1
Sho,1
Si,1
Siah,2
Sick,2
Sidney,10
Sigismund,22
Siloam,2
Simlin,1
Sir,3
Smith,4
Smythe,1
Smythified,1
Snow,23
Society,1
Sophie,55
Sophs,1
Sophy,7
Sorrento,2
Sorry,1
South,2
Southern,1
Spartan,1
Squire,1
Stanislas,3
State,1
Station,1
Stay,1
Stowe,1
Sunday,7
Sundays,1
Supinator,1
Switzerland,4
Sy,13
T.,4
TEDDY,1
THEY,3
THINKS,1
TOUR,1
Tai,1
Tartar,1
Taylor,1
Teblinski,7
Ted,6
Teddy,97
Terry,16
Thaddeus,4
Thankee,1
Thanky,1
Them,2
Theodore,3
Thine,1
Thorn,23
Titian,1
Toady,65
Tom,11
Too,1
Tour,1
Triceps,1
Trust,1
Tuesday,1
Tun,1
Turner,1
Udolpho,1
Uncle,9
Union,3
Unionist,1
University,3
V.,1
VAUGHAN,1
VI,2
VIII,1
Van,42
Vandyke,1
Varsovie,1
Vaughan,3
Venus,2
Vermont,1
Vesulivus,1
Vesuvius,4
Vevay,2
Volkslieder,1
Waal,5
Wal,3
Wales,1
Warsaw,1
Washington,3
Waterloo,1
Werther,1
Whar,1
Whereat,1
Whoop,1
Wilhelm,4
Wolf,1
Wood,1
Woolidge,1
Woolwich,1
X.,1
Yates,1
Yeou,3
York,7
Young,2
ZZ_SUM_NER,108510
`,221
``,1512
a,2526
a-kissin,1
a-laughing,1
a-nuttin,1
a.,1
a.m.,1
aback,2
abaout,8
abash,1
abashed,1
abbreviation,1
able,19
aboard,3
about,180
above,15
above-mentioned,1
abroad,9
abrupt,1
abruptly,6
abruptness,1
absence,6
absent,1
absent-minded,1
absorb,10
absurd,8
absurdity,1
absurdly,1
abundance,1
abuse,1
abused,1
accent,5
accept,5
acceptable,1
accident,4
accidental,1
acclamation,1
accommodation,1
accompaniment,1
accompany,2
accomplish,4
accomplished,3
accomplishment,2
accord,1
account,9
accountable,1
accuracy,1
accurate,1
accusation,1
accuse,1
accustom,1
accustomed,1
ache,8
achievement,1
acknowledge,1
acquaint,2
acquaintance,3
across,11
act,14
action,1
actual,1
actually,2
acute,1
acuteness,1
adapt,1
add,35
addio,1
addition,1
additional,2
address,9
adieu,1
adieus,1
adieux,1
admiration,14
admire,15
admirer,2
admiring,1
admiringly,2
admit,1
adopt,1
adorable,1
adore,5
adorer,1
adorn,8
advance,2
advantage,4
adventure,16
adversity,1
advice,6
advise,3
aesthetic,1
affability,1
affable,1
affair,7
affect,4
affectation,1
affection,5
affectionate,1
affectionately,2
affirm,1
afflict,2
affliction,2
afford,4
afraid,24
aft,1
after,96
afternoon,12
afterward,4
afterwards,2
ag,11
again,86
against,20
age,5
aggravate,1
aggrawater,1
aggrewater,1
agitate,1
agitation,3
ago,18
agony,1
agree,10
agreeable,9
ague,1
ah,14
ahead,4
ahem,1
aid,5
aide,1
ailment,1
air,52
airin,1
airnest,1
airy,3
aisle,1
akin,1
alabamian,1
alacrity,2
alarm,6
alarmed,1
alas,2
alert,1
alive,7
all,437
all-absorbing,1
all-forgiving,1
all-important,1
all-overish,3
alley,1
alliance,1
allow,4
alluring,1
alluz,1
ally,1
almost,23
almshouse,3
aloft,1
alone,27
along,28
alongside,1
aloud,1
already,15
also,24
alter,2
altered,3
alternately,1
alternation,1
although,2
altogether,4
always,51
am,1
amaze,4
amazing,3
amber-tressed,1
ambition,2
ambitious,5
ambrosial,3
ambulance,3
amend,1
american,2
amiable,4
amid,2
amiss,2
among,17
amongst,6
amore,1
amount,3
amuse,13
amusement,10
amusing,4
analysis,1
anathema,1
anatomy,1
anchor,1
anchorite,1
ancient,4
and,3789
anderl,1
andiron,1
anecdote,1
angel,12
angel-good,1
angelic,2
anger,7
angle,3
angry,8
anguish,2
animal,6
animated,2
animatedly,1
animation,2
ankle,1
annihilate,1
announce,1
announcement,1
annoy,3
annoyance,2
anny,1
annybuddy,1
annything,1
another,31
answer,85
ant,1
ant-hill,1
antagonistic,1
antic,1
antiquarian,1
antique,3
antiquity,1
anxiety,6
anxious,22
anxiously,7
any,130
anybody,3
anythin,1
anything,45
anyway,2
anywhere,3
aour,2
aout,8
apace,1
apart,6
apartment,2
ape,1
apologetic,1
apologetically,1
apologize,1
apology,5
apos-tol-ic,2
apparently,4
apparition,1
appeal,2
appear,24
appearance,4
appease,1
appendage,1
appetite,4
applause,1
apple,7
apple-cheeked,2
apple-skin,1
apple-stall,1
apple-tree,3
apply,1
appoint,1
appreciate,1
approach,18
approbation,1
appropriate,3
approval,1
approve,4
approvingly,2
apron,5
apt,4
aquiline,1
arch,2
arched,3
ardent,5
ardently,3
ardor,1
arfter,6
arise,1
aristocratic,3
arm,82
armful,1
army,4
army-coat,1
aromatic,1
around,4
arrange,5
arrangement,1
array,3
arrest,5
arrival,2
arrive,10
art,14
art-gallery,1
art-study,1
artful,1
article,3
artist,7
artistic,3
artless,4
ary,1
as,1072
ascend,1
ascent,1
ash,5
ashamed,15
ashore,3
aside,2
ask,141
asleep,14
aspect,3
aspiration,1
aspire,2
assault,2
assemblage,1
assent,2
assiduous,1
assuage,2
assume,11
assumed,1
assure,15
astonish,1
astonished,3
astonishment,2
at,475
atmosphere,3
atone,4
atonement,1
attach,1
attack,4
attain,1
attempt,6
attend,5
attention,8
attentive,3
attentively,1
attenuate,1
attitude,2
attitudinize,1
attitudinizer,1
attract,3
attraction,1
attractive,3
audacious,2
audible,3
audibly,2
audience,1
aunt,27
auntie,1
aunty,1
austerity,1
author,1
authority,1
autumn,2
avail,2
avalanche,2
avenge,1
aver,1
avert,2
avoid,4
avowal,1
await,3
awake,5
awaken,2
awakening,1
award,1
aware,1
away,147
awe,1
awe-inspiring,1
awe-stricken,1
awful,11
awfully,1
awhile,3
awkward,3
awkwardly,1
awry,1
axe,3
axis,1
azure,1
b,2
baa-baa,4
baa-baas,1
babe,1
baby,20
baby-beauty,1
bachelor,1
back,81
back-door,2
background,2
backward,2
backwards,1
backwoods,1
bad,26
badge,1
badger,1
badly,1
bag,6
baggage,7
bake,3
baked,1
balcony,7
bald,2
ball,3
ball-room,1
balloon,1
balm,2
balmier,1
balmy,3
band,4
bandage,4
bang,2
banggore,1
banish,4
banister,1
bank,1
banner,1
bantling,1
baound,1
baptist,1
bar,2
bare,5
bare-headed,1
barehead,1
barely,2
barg,1
bargain,2
barn-yard,1
baron,43
barren,1
base,4
bashful,6
bashfulness,1
basin,1
bask,3
basket,8
bass,1
baste,1
basting,1
batter,1
battery,1
battle,6
battle-fever,1
battle-field,1
battle-hymn,2
bay,12
be,3151
be-yewtifully,1
beacon,1
beam,4
bean,1
bear,35
beard,9
beardless,1
beast,2
beat,7
beautiful,31
beautifullest,1
beautifully,8
beautify,2
beauty,23
beaver,2
because,45
beckon,3
become,19
bed,29
bed-chamber,1
bed-cover,1
bed-room,1
bed-time,1
bedtime,1
bee,2
beehive,1
beer,2
befitting,1
before,148
beforehand,1
beg,16
begged,1
beggin,2
begin,84
beginning,4
begrime,1
beguile,5
behave,6
behavior,1
behest,1
behind,30
behold,12
beholder,1
bein,6
being,1
bejewelled,1
belfry,2
belief,4
believe,42
believer,1
bell,16
bell-shaped,1
bell-spirit,1
bell-sprite,1
belle,3
belligerently,1
belong,4
beloved,6
below,26
ben,8
bend,2
benediction,1
benefactor,1
beneficent,1
benign,1
benignant,1
bent,15
berry,1
berry-pie,1
berth,1
beseech,1
beside,18
besides,1
besieger,1
besought,1
best,49
best-behaved,1
bestest,1
bestow,2
bestt,1
bet,2
betray,11
betrayal,2
betroth,2
betrothal,2
betrothed,1
better,61
between,15
bewail,2
bewildered,6
bewildering,1
bewilderment,3
bewitch,4
bewlah,3
beyond,3
bib,2
biceps,2
bid,11
bide,1
big,36
bigger,1
biggest,1
bill,1
bind,9
birch,1
bird,16
bird-like,1
birdie,2
birth,1
birthday,2
bishop,1
bit,24
bite,2
bitter,7
bitterness,1
bivouac,1
bizness,2
black,20
black-and-white,1
black-eyed,1
blackbird,2
blade,1
blame,4
blandly,2
blank,3
blanket,2
blast,2
blasé,1
blaze,1
ble,2
bleat,1
bleed,3
bleeding,4
blending,1
bles,1
bless,28
blessing,3
blest,3
blige,1
blight,1
blind,4
blinking,1
bliss,2
blissful,3
blissfully,1
blithe,5
blither,1
blithest,1
block,1
blond,7
blonde,1
blood,6
bloom,5
blow,23
blow-pipe,1
blubber,1
blue,56
blue-eyed,1
bluff,2
blunderin,1
blunt,2
blur,1
blush,17
boar,1
board,7
boast,3
boat,18
boatman,2
bob,2
body,4
body-guard,2
boiler,1
bold,2
boldly,1
bolt,6
bon,1
bonbon,1
bond,1
bone,4
bonnet,22
bony,2
boohoo,1
book,33
book-learning,1
boom,2
boot,8
border,1
borrer,1
bosh,1
bosom,3
both,76
bother,2
bottle,3
bottom,6
bough,5
bounce,3
bound,1
bouquet,5
bout,6
bow,16
bower,3
bowl,3
boy,114
boy-like,1
boyish,3
brace,3
bracelet,1
brag,1
braid,2
brain,1
bran,1
branch,4
brand,1
brandy,1
brandy-bottle,1
brass,2
brave,25
brave-hearted,1
bravely,4
braver,1
bravest,1
brazen,1
breach,1
bread,12
breadth,1
break,33
breaker,1
breakfast,11
breakfast-room,1
breakfast-table,1
breakin,4
breakneck,1
breast,7
breast-knot,1
breast-pocket,2
breath,19
breathe,1
breathing,1
breathless,10
breathlessly,1
breed,2
breeze,1
breezy,2
brevity,1
brewdid,1
brick,1
bridal,1
bride,1
bridge,4
bridgie,1
brief,10
briefly,4
brigand,1
bright,20
bright-eyed,1
brighten,12
brighter,3
brightness,2
brilliancy,1
brilliant,9
bring,46
brink,2
brisk,2
brisker,1
briskly,6
broad,12
broadest,1
brocade,3
broke,1
broken,9
broken-hearted,1
brokenly,1
brood,1
broodin,1
brook,2
broom,1
broth,1
brother,22
brotherly,1
brow,6
brown,19
brown-faced,1
brunette,1
brush,4
brushing,2
brute,1
bubble,1
buckwheat,1
bud,4
budding,1
bugle,1
build,4
building,5
bulge,1
bull,1
bullet,5
bump,2
bunch,5
bundle,6
burden,11
burly,1
burn,8
burnin,1
burnt,2
burst,12
bury,3
bus,1
bushel,1
busily,4
business,15
bust,2
bustle,1
busy,19
but,609
butter,2
butter-side,1
buttercup,1
butterfly,4
button,3
button-hole,4
buttonhole,1
buxom,3
buy,12
buzz,1
by,322
by-and-by,3
byme-by,2
bymeby,1
bystander,1
cab,1
cable,1
cain,1
cake,3
calculate,3
calista,1
calk,3
call,61
calla,1
caller,1
callin,1
calm,4
calming,1
calmly,1
calmness,2
cambric,1
camlet,1
camp,4
camp-fire,2
camp-life,1
camp-phrase,1
camp-stool,1
campaign,2
camphire,1
can,196
cancel,1
candle,7
candor,1
candy,2
cane,2
canvas,2
canzonet,1
cap,28
capacious,1
cape,1
capital,4
capitally,1
captain,2
captivating,2
captivation,1
captive,1
captivity,1
car,11
car-whistle,1
card,7
care,71
care-free,1
career,1
careful,7
carefully,13
careless,3
carelessly,3
caress,5
cargo,1
carol,1
carpet,1
carpi,1
carriage,29
carry,18
carryall,2
cart,2
carve,2
case,10
cash,3
casimer,1
cast,11
casting,1
castle,10
castor-oil,1
casually,1
cat,1
catastrophe,1
catch,31
catechise,1
cathedral,2
catholic,2
cattle,1
cause,19
caution,1
cave,8
cease,5
ceaseless,1
celebrate,1
cell,4
censure,1
cent,5
centa,1
centesimus,2
ceremony,2
certain,14
certainement,1
certainly,11
certainty,3
chafe,2
chain,2
chair,20
chalk,1
challenge,1
chamber,3
champagne,1
champion,1
chance,17
change,21
chant,1
chaos,2
chap,4
chapel,7
chapter,8
character,17
characteristic,2
charcoal,1
charge,5
chariot,2
charitable,2
charitablest,1
charity,6
charm,11
charming,29
chase,3
chat,9
chateau,5
chatter,2
cheap,4
cheaply,1
cheat,1
cheating,1
check,5
cheek,28
cheer,20
cheerful,8
cheerfully,3
cheerfulness,3
cheerin,2
cheeringly,1
cheery,9
cheese,2
cherakin,4
cherish,5
cherry,1
cherry-tree,1
cherub,2
chest,2
chew,1
chiaro,1
chick,2
chicken,3
chidden,1
chide,1
chief,1
chif,1
chignon,2
child,82
childhood,1
childish,3
childlike,1
chill,1
chilly,3
chime,4
chimney,1
chin,1
china,4
china-closet,1
chintz,1
chip,3
chivalrously,1
choice,1
choke,3
choky,1
choose,6
chop,2
chore,4
chorus,1
chrissanthymum,1
christening,1
christian,3
chrysalis,1
chrysanthemum,2
chubby,3
chuck,2
chuckle,2
chum,4
church,5
church-member,1
cider,3
cigar,8
cigar-case,1
cinder,1
circle,7
circulate,2
circumstance,3
circus,1
city,43
claim,2
clamber,1
clamorously,1
clane,1
clap,2
claret,1
clash,2
clasp,5
class,5
classic,1
classical,1
classically,1
clatter,2
clay,8
clean,6
clear,13
clearer,1
clearly,2
cleft,1
clerical,1
clever,5
click,1
cliff,7
cliff-side,1
climate,1
climax,3
climb,4
climber,1
clinch,1
cling,9
clo,1
cloak,15
clock,8
cloister,2
close,28
closely,2
closer,1
closet,2
closing,1
clothe,2
clothes,5
clothes-brush,1
cloud,5
cloven,1
clover,1
clown,1
clue,3
clump,1
clumsy,1
cluster,3
clustering,1
clutch,3
clutching,1
coal,1
coarse,2
coat,18
coat-of-arm,2
coat-skirt,1
coat-sleeve,1
coax,2
cock,1
cocked,1
cocked-hat,1
coffee,2
coffee-cup,1
coherently,1
coil,1
coin,11
coin-giving,1
coincidence,2
cold,25
colder,1
collar,4
collect,4
collection,2
college,2
color,23
comb,2
combine,2
come,294
comedy,1
comeliness,1
comely,5
comfort,20
comfortable,23
comfortably,5
comforting,1
comical,4
comin,1
coming,1
command,7
commander,1
comment,1
commercial,1
commission,1
commodiously,1
common,5
common-place,1
commonplace,1
community,1
companion,7
company,4
compartment,1
compassionate,3
compatible,1
complacently,2
complain,3
complaint,2
complete,8
completely,3
complexion,3
complicated,1
compliment,6
comply,2
compose,4
composure,1
compound,1
comprehend,1
comprehension,1
compress,1
comrade,11
con,1
conceal,2
concealment,2
conceit,1
conceive,1
concern,6
concert-room,1
condemnation,1
condescension,2
condition,6
conduct,1
confectionery,1
conference,1
confess,12
confession,3
confidant,2
confidante,1
confide,11
confidence,9
confidingly,3
confirm,1
confirmation,1
confound,5
confusion,8
congratulation,3
congregate,1
congregation,1
conjecture,1
conjugate,1
connect,1
connection,1
connoisseur,1
conquer,7
conscience,1
conscience-stricken,1
conscientiously,1
conscious,5
consciousness,4
conscript,2
consent,5
consequence,3
consequently,1
consid,4
consider,8
considerin,1
consist,2
consolation,2
console,1
conspiracy,1
conspirator,1
constant,1
constantly,2
constitution,2
constrain,1
constraint,1
consult,1
consultation,1
contact,1
contain,3
contemplate,1
contempt,1
contemptible,1
contend,1
content,6
contented,2
contentedly,1
contents,3
continent,1
continue,6
contradiction,1
contrary,2
contrast,1
contribution,1
control,3
contry,1
convenience,1
conversation,7
converse,1
convey,1
conviction,2
convulse,1
convulsed,1
convulsion,1
cook,2
cooking,2
cool,7
coolest,1
coolly,5
copiously,1
copper,2
copse,1
copy,1
coquetry,5
coquette,1
coquettish,2
cord,2
cordial,3
corner,18
corpulent,1
correct,2
correction,2
corridor,3
corrupt,2
cossetin,1
cost,3
costly,1
costume,7
cot,1
cottage,1
cotton,2
couch,1
cough,6
could,188
counsel,1
count,6
countenance,14
countess,2
country,12
countryman,1
countrywoman,1
couple,35
couplet,1
coupé,1
courage,23
courageously,1
courier,21
course,31
court,9
court-plaster,1
courtesy,1
courtyard,3
cousin,35
cousinship,1
cover,15
covert,1
covertly,1
cow,3
coward,4
crack,6
crackle,1
cradle,1
craft,1
crampy,1
cranky,1
cranny,1
craoudin,1
crape,1
crash,6
crater,1
crawl,1
crayon,2
crayoning,1
creak,1
creaking,1
creater,1
creation,1
creature,15
credit,3
creed,1
creep,5
creeter,1
crew,1
crib,1
cricket-ball,1
crimp,1
crimson,5
crinoline,1
cripple,1
crisis,1
crisp,1
critic,1
criticise,1
criticism,1
crop,3
croquet,1
cross,12
crossing,1
crossly,1
crossness,1
crouch,1
crow,1
crowd,16
crowded,1
crown,1
crown-prince,1
crucifix,1
crudest,1
cruel,8
cruller,1
crumb,1
crumble,1
crumple,1
crunch,1
crush,4
crushed,2
cry,105
cry-baby,1
cuckoo-clock,1
cuddle,1
culinary,1
culprit,1
cultivate,2
culture,1
cunnin,1
cunning,1
cup,5
curb,1
cure,2
curiosity,8
curious,7
curiously,1
curl,7
curling,1
curly,9
curly-head,1
cursed,1
cursing,1
curtain,3
curtsy,1
curve,2
cushion,3
cuss,1
custard,1
custom,2
cut,8
cuttin,1
d,1
dab,1
daily,7
dainty,4
daisy,11
dam,1
damage,2
damaged,1
damages,1
damask,1
damnation,2
damp,6
damsel,5
damster,1
dance,25
dancing,5
dandelion,1
dandified,1
danger,19
dangerous,5
dangerous-looking,1
daown,11
dar,1
dare,23
daring,2
dark,22
dark-eyed,1
dark-haired,1
darkened,1
darker,2
darkly,1
darkly-beard,1
darkness,4
darling,3
darn,3
darned,1
dart,2
darter,1
dash,6
dashing,2
daughter,12
daughterly,1
daunt,3
dawdler,1
dawn,9
day,113
day-dream,2
daylight,3
dazzle,1
de,2
dead,17
deadly,1
deaf,1
deal,19
dear,109
dearer,1
dearest,7
dearie,1
dearly,3
deary,4
death,15
debonair,1
debt,3
deceit,1
deceitful,1
deceive,5
decent,1
deception,2
decide,16
decidedly,5
decision,2
decisive,1
deck,17
declare,12
decline,1
decorate,3
decoration,4
decoy,1
decrease,1
deed,1
deep,13
deepen,5
deeper,4
deepest,2
deeply,6
defeat,1
defence,1
defend,2
deferentially,1
defiance,1
defiant,1
defiantly,1
deficiency,1
deform,1
deftly,1
defunct,1
defy,1
degarrytype,1
degenerate,1
dejected,1
delay,9
delectable,1
deliberate,1
deliberately,1
delicacy,1
delicate,11
delicately,2
delicious,2
deliciously,1
delight,18
delighted,7
delightful,6
delightfully,4
delirious,1
delirium,1
deliver,1
deltoid,2
delusion,2
demand,9
demolish,1
demonstration,1
demonstrative,1
demure,4
demurely,2
den,3
denote,1
dent,1
deny,10
depart,8
departure,1
depend,9
dependent,1
deplorable,1
depth,1
depths,2
derserve,1
descend,4
descent,1
describe,6
description,3
desert,7
desertion,2
deserve,13
deservin,1
design,2
desire,13
desired,1
desolate,3
desolation,1
despair,9
despairing,3
despairingly,1
desper,1
desperate,3
desperately,6
desperation,2
despise,2
despite,1
despond,1
despondency,2
despondent,1
dessay,1
dessert,1
destroy,7
destruction,2
detain,1
detect,1
determination,1
determine,1
deuce,3
develop,1
device,2
devil,3
devilish,1
deviltry,1
devote,9
devoted,11
devotion,3
devour,1
devout,1
dew,10
dewin,1
dewy,2
dialogue,1
diamond,4
diamond-paned,1
diary,1
dictionary,1
die,48
diet,1
different,9
difficult,6
difficulty,1
dig,2
digestion,1
digging,3
dignified,4
dignity,5
diligently,1
dim,7
dimly,1
dimness,1
dimple,3
dimpled,1
din,1
dine,2
dingy,4
dining-saloon,3
dining-table,1
dinner,23
dinner-time,1
dip,2
direct,1
direction,4
dirt,3
dirty,9
disagreeable,1
disappear,4
disappoint,3
disappointed,3
disappointment,5
disapprove,1
disband,1
discernible,1
discipline,1
discomfort,4
discontent,6
discontented,1
discordant,1
discourage,2
discover,24
discovery,2
discreet,1
discreetly,1
discrimination,1
discuss,1
disease,2
disfigure,2
disgrace,2
disgraced,2
disguise,7
disgust,2
dish,9
dishevelled,4
dishonesty,1
dishonorable,2
disinterested,1
dismal,3
dismally,1
dismay,7
dismayed,3
disobey,1
disorder,1
dispatch,1
dispel,1
display,4
displeased,1
displeasure,1
disposed,1
disquiet,2
disreputable,1
disrespectful,1
dissimilar,1
distance,5
distant,3
distinct,1
distinguish,1
distinguished,1
distingué,1
distort,1
distract,6
distracting,2
distress,1
distrust,1
disturb,5
disturbed,4
disturbing,1
disuse,1
dive,1
diver,1
divide,2
divil,1
divine,6
divinely,2
diving,1
divinity,1
dizzy,6
do,754
dock,13
doctor,6
dodge,1
dodgin,1
doff,1
dog,2
doin,7
doings,2
dolefully,1
dollar,5
domestic,4
don,1
donkey,9
donna,1
doo,1
doom,2
door,44
door-bell,1
door-handle,1
door-mat,1
door-stone,1
doorway,3
dose,1
dot,1
double,2
double-quick,1
doubly,1
doubt,20
doubtless,5
doughnut,3
dove,4
down,145
downfall,1
dozen,12
drag,1
draggled,1
drake,1
dramatic,1
dramatically,1
drape,1
drapery,2
draught,3
draw,43
drawing-room,1
drawl,1
dread,3
dreaded,1
dreadf,3
dreadful,15
dreadfully,3
dream,25
dreamer,1
drearily,1
dreary,1
dress,33
dresser,1
dressing-gown,1
dressmakin,1
drift,1
drink,6
drinking,1
drinking-fountain,1
drive,25
driver,5
drogha,4
droll,3
droop,1
drop,40
dropsical,1
drown,2
drunk,2
dry,3
duck,1
dudgeon,1
due,1
duel,5
duennaish,1
dull,5
dumb,2
dump,1
dungeon,1
dupe,2
during,15
dusk,1
dust,8
dusty,6
dutif,2
dutiful,1
dutifully,1
duty,23
dwarf,1
dwelling,1
dwelling-house,1
dyspepsia,1
dyspepsy,1
dyspeptic,1
each,46
eager,10
eagerly,12
eagerness,5
ear,19
early,14
earn,11
earnest,14
earnestly,5
earnestness,5
earth,6
ease,10
easel,1
easier,3
easily,8
east,1
easy,23
eat,15
eatable,1
eating,2
eating-house,1
ebb,1
echo,12
economy,1
eddication,1
edification,1
educate,1
education,1
ef,19
efface,1
effect,7
effective,2
effectual,1
effectually,1
effervescence,1
efficacious,1
effigy,1
effort,6
eggshell,1
ehrenbreitstein,1
eight,1
eight-year-older,1
eighteen,2
eighty-four,1
either,12
ejaculate,1
eke,1
elasticity,1
elbow,3
elder,4
elder-brotherly,1
elderly,1
elegance,5
elegant,2
elegantly,1
eleven,5
elf,1
elicit,2
elm,1
eloquence,2
eloquent,4
eloquently,3
else,17
elsewhere,1
elysian,1
embankment,1
embarrass,1
embarrassed,1
embarrassment,5
embittered,1
embrace,10
embrasure,1
embroider,1
emerge,5
emigrant,1
eminently,1
emotion,7
emphasis,1
emphasize,2
emphatic,1
emphatically,2
empty,9
enable,1
enact,1
enamored,1
enchanting,1
enchantment,1
encumber,1
end,39
endowed,1
enemy,5
energetic,2
energetically,2
energy,7
engage,10
engine,1
english,5
enigma,1
enjoy,60
enjoyment,2
enlist,2
enliven,1
ennoble,2
ennui,2
ennythe,1
enormity,1
enormous,1
enough,37
enrage,1
enshrine,1
enslave,1
ensue,1
enter,15
enterprise,1
entertain,2
entertaining,2
enthusiasm,8
enthusiastic,6
enthusiastically,1
entire,1
entirely,14
entrance,2
entreat,1
entry,4
envy,6
epidemic,1
episcopal,1
equal,4
equally,2
er,25
erect,4
ermine,1
errand,6
errand-boy,1
eruption,2
escapade,1
escape,8
escort,5
especial,1
especially,9
establish,2
established,1
estate,1
esteem,1
etarnal,1
etc.,1
eternal,2
eternity,1
european,5
even,44
evenin,2
evening,14
event,3
ever,50
evergreen,2
everlastin,1
everlasting,1
everlastingly,1
every,69
every-day,2
everybody,8
everything,40
everywhar,1
everywhere,7
evident,6
evidently,8
evil,3
evoke,1
evolution,1
ewe,1
exacting,1
exactly,1
examine,13
example,5
exasperating,1
excavate,1
excellent,10
excellently,3
except,10
exception,1
exchange,5
excite,7
excited,5
excitement,14
exciting,3
exclaim,28
exclamation,6
excursion,5
excuse,7
exemplary,1
exercise,3
exert,1
exhaust,2
exhaustion,1
exhibit,1
exhibition,1
exhilarate,1
exhilarating,1
exhortation,1
exile,11
exist,1
expect,16
expectant,1
expedition,5
expense,2
experience,10
experienced,3
expire,1
explain,16
explanation,3
explode,1
exploit,3
explore,4
explosion,1
expose,1
exposure,2
express,10
expression,27
expressionless,1
expressive,3
exquisite,3
exquisitely,1
extend,4
extent,1
external,1
extinguish,4
extra,4
extravagance,3
extreme,1
extricate,1
exult,3
exultation,1
eye,198
eyelid,2
fable,1
face,191
fact,8
fade,8
fail,12
failin,1
failure,4
faint,13
faint-hearted,1
faintly,1
fair,18
fairer,1
fairly,1
fairy,5
faith,10
faithful,8
faithfully,3
fall,72
false,9
falsetto,1
falter,4
fame,3
familiar,6
family,12
famous,7
fan,3
fanatic,1
fancy,27
fancy-work,1
faound,2
far,28
far-off,1
fare,3
farewell,5
farm,5
farm-horse,1
farmer,2
farmhouse,3
farmin,1
farther,2
fascinate,3
fascination,1
fashion,10
fashionable,5
fast,15
fasten,5
faster,1
fastidious,1
fasting,1
fat,6
fatal,6
fatally,1
fate,10
father,28
fatherly,5
fathom,1
fatigue,3
fault,8
fault-finding,1
faulty,1
favor,3
favorite,8
fear,34
fearful,4
fearless,1
feather,5
feather-bed,1
feathery,1
feature,4
feeble,6
feeble-minded,1
feebleness,1
feed,11
feeding,1
feel,115
feelin,1
feeling,15
fell,1
feller,9
fellow,28
fellow-creature,1
fellow-exile,1
fellowship,1
female,1
feminine,8
fence,9
fer,23
ferment,1
fern,2
ferry,1
fervent,3
fervently,4
festivity,1
festoon,2
fetch,4
fever,4
feverish,2
few,34
fewer,3
fib,2
fiddler,2
fidelity,3
fidget,1
fidgety,1
field,9
fierce,5
fiercely,1
fiery,2
fifteen,3
figger,1
fight,17
fightin,2
fighting,2
figuratively,1
figure,24
file,1
fill,24
fillip,1
fin,1
finale,1
finally,11
find,170
finding,2
fine,39
finely,2
finer,2
finery,5
finest,1
finger,9
finish,19
finishing,1
fire,26
firelight,1
fireside,1
firm,1
firmly,1
first,53
first-cabin,1
fish,2
fishhook,1
fist,3
fit,8
fitfully,1
fitness,1
fiva,1
five,6
five-and-twenty,1
fix,9
flag,1
flanagin,1
flannel,3
flap,2
flash,7
flask,1
flat,4
flatten,1
flattered,2
flattering,2
flattery,1
flavor,1
flee,5
fleece,1
flesh,5
flickering,1
flight,7
fling,3
flingin,1
flint,1
flirt,5
flirtation,3
flit,1
float,8
flock,7
flood,2
floor,10
flop,1
florid,1
flounce,1
flourish,3
flourishing,1
floury,1
flow,3
flower,31
flower-boy,1
flower-decked,1
flower-show,1
flowering,1
flowery,2
flung,1
flurry,5
flush,13
fluster,1
flute,1
flutter,11
fly,23
fly-away,1
fly-leaf,1
flyin,2
foamy,1
fodder,1
foe,3
fold,10
folding,1
foliage,2
folk,34
folks,1
foller,1
follow,44
folly,6
fond,19
fonder,2
food,7
fool,14
foolish,8
foolishly,1
foot,34
foot-stove,1
footlights,1
footstool,1
fop,1
for,927
foragin,1
forbid,4
force,9
forcible,2
fore,12
forefinger,1
forehead,14
foreign,4
foreigner,8
forest,1
forever,6
forget,74
forget-me-not,3
forgetful,4
forgetfulness,1
forgettin,1
forgit,3
forgive,17
forgiving,1
fork,1
forlorn,8
form,4
formal,1
former,4
forrard,1
forrardness,1
forsworn,2
forth,3
forthcoming,1
fortin,1
fortitude,2
fortnight,1
fortress,2
fortunate,4
fortunately,1
fortune,11
forty,3
forward,6
fossilize,1
foster,3
foul,2
found,1
foundation,1
fountain,2
four,16
four-and-twenty,1
fourteen,1
fourth,3
fracture,1
fragmentary,1
fragrance,2
fragrant,3
fraid,1
frame,1
frank,4
frankness,5
frantic,2
frantically,2
fraternal,1
fraulein,2
freak,2
freckle,1
freckled,1
free,17
freedom,3
freely,6
freeman,1
freezing,1
freight,1
french,9
frequent,3
frequently,2
fresh,11
fresher,1
freshly,1
freshman,2
freshness,1
fret,2
fretful,1
frettin,1
friend,82
friendless,4
friendliness,2
friendly,4
friendship,2
fright,7
frighten,2
frightened,8
frightful,1
frightfully,1
frill,3
frilled,1
frisette,1
frivolity,1
frivolous,3
frizzle,1
fro,11
frolic,5
from,181
front,8
frost,2
frown,7
fruit,3
fruit-stand,1
fry,2
full,71
full-blown,1
fully,2
fumble,1
fume,1
fun,17
funereal,1
funicolare,1
funicular,1
funny,12
fur,4
furbelow,1
furnished,3
furrin,1
further,8
fuss,2
fussy,1
fust,10
fust-rate,3
future,8
fęte,1
gad-about,1
gaddin,1
gaily,2
gaily-colored,1
gain,4
gal,3
gala,1
gale,3
gallant,3
gallantly,5
gallantry,1
galley-slave,1
gambler,1
gambling,2
game,13
gaming-table,1
gang,1
gaoun,1
gap,3
gar,1
garden,26
garland,2
garland-making,1
garment,1
garret,3
gasp,3
gate,7
gateway,3
gather,12
gathering,2
gaudy,1
gaunt,1
gauntlet,1
gawp,3
gay,19
gayety,2
gayly,1
gaze,2
general,6
generally,3
generation,3
generosity,2
generous,8
generously,1
genial,2
genius,6
genteel,1
gentle,6
gentlefolk,1
gentleman,46
gentlemanly,2
gentlemanly-looking,1
gentler,1
gently,5
genuine,9
geography,1
geranium,3
german,21
gesticulate,1
gesture,13
get,176
gettin,3
ghastly,2
ghost,5
ghostly,1
giant,1
gift,14
gifted,2
giggle,1
gigglin,2
gingham,1
gingy-bread,1
gipsy,1
girdle,1
girl,136
girlish,8
git,5
gittin,2
give,176
giver,1
givin,2
glad,45
gladly,5
gladness,1
glamour,1
glance,77
glare,1
glass,13
gleam,2
glide,4
glimmer,1
glimpse,10
glitter,4
glittering,1
gloom,6
gloomy,2
glorified,2
glorify,2
glorious,2
glossy,2
glove,33
glow,8
glowing,1
glue,3
go,396
goad,1
goan,6
goblet,1
goblin,2
god,1
god-forsaken,1
god-speed,1
goddess,1
goin,7
gold,4
golden,4
gong,1
good,159
good-by,7
good-bye,7
good-humor,1
good-morning,1
good-nater,1
good-natered,1
good-naterest,1
good-naturedest,1
good-naturedly,3
good-night,2
good-tempered,1
good-will,3
goodest,2
goodness,4
goods,3
goose,1
goosey,1
gore,2
gospel,1
gossip,5
government,3
gown,12
grab,1
grace,3
gracefully,4
gracious,6
gradual,1
gradually,1
graduate,1
grand,11
grandfather,1
grandma,4
grandmother,2
grandmotherly,1
grandpa,1
grant,1
grape,4
grasp,3
grass,7
grateful,25
gratefully,7
gratify,3
gratitude,8
grave,14
gravely,6
gravity,2
gray,16
gray-headed,1
grayest,1
great,77
great-grandfather,1
greatest,3
greatly,6
greed,1
greek,1
green,13
greet,6
greeting,1
gret,5
grewel,2
grey,2
grief,5
grievance,1
grieve,2
griffinesque,1
grig,1
grim,4
grimly,2
grimy,2
grin,4
grind,1
grip,1
grit,1
groan,10
groaning,1
grope,3
groping,1
grotesque,1
grotto,2
ground,6
group,3
grove,1
grow,50
growl,4
grown-up,5
growth,2
grub,1
gruel,1
gruff,2
gruffest,1
grumble,1
guard,13
guardian,2
guess,21
guest,12
guidance,2
guide,11
guide-book,5
gunnin,2
gunpowder,1
gurgle,1
gush,1
guy,2
gymnastic,1
habit,3
haggard,3
hail,2
hair,36
haircloth,1
half,52
half-angrily,1
half-averted,1
half-confusedly,1
half-dead,1
half-hidden,1
half-imperious,1
half-past,1
half-pleading,1
half-ruined,1
hall,12
hall-boy,1
halloo,6
hallooing,1
halt,1
hamlet,1
hammer,1
hand,182
hand-bag,1
hand-cart,1
handful,3
handiwork,1
handkerchief,20
handkerchief-waving,1
handle,4
handshake,1
handsome,18
handy,3
hang,20
hanker,3
haour,1
haouw,2
haow,4
happen,20
happier,9
happiest,1
happily,1
happiness,10
happy,72
harass,1
harbor,4
hard,53
hard-handed,1
harden,3
harder,1
hardly,12
hardness,1
hardship,1
hardy,1
harebell,3
harm,6
harmin,1
harmless,2
harness,5
harnsome,5
harp,1
harsh,1
harum-scarum,1
haste,2
hasten,5
hastily,4
hasty,4
hat,33
hate,17
hateful,2
hatless,1
hatred,1
haughtily,1
haughty,2
haul,3
haunt,7
have,999
havin,2
hazard,1
haze,1
he,1932
head,85
head-first,1
head-gear,1
head-piece,1
headache,2
headquarters,2
headstrong,1
health,8
healthier,1
healthy,1
heap,4
hear,72
hearer,2
hearin,1
hearse,1
heart,106
heart-broken,1
heart-complaint,1
heart-rending,1
heart-shaped,1
heart-sick,1
heart-string,1
heartache,1
hearth,2
heartily,13
heartless,1
hearty,24
heat,2
heated,1
heathenish,1
heave,3
heaven,10
heavenly,2
heaviest,2
heavily,2
heaving,1
heavy,13
hebe-wise,1
hed,13
hedge,2
heel,4
heft,1
height,5
heinous,1
help,68
helpin,1
helpless,4
helplessness,2
hem,3
hemlock,2
hen,4
henceforth,1
heraldry,1
herb,3
herculean,1
here,95
hereafter,1
hermit,1
hero,25
hero-worship,1
heroic,1
heroine,4
heroism,1
hers,9
herself,98
hesitate,4
hesitation,2
hev,16
hevin,3
hew,1
hey,4
hi,3
hidden,2
hide,24
hide-and-seek,1
hideous,2
high,22
high-heeled,1
higher,1
highest,3
hilarious,1
hill,8
hillside,3
himself,60
hindmost,1
hint,7
hire,2
historical,1
history,5
hit,4
hitch,6
hither,1
hitherto,1
hoarse,1
hobble,4
hobby,1
hocus-pocus,1
hoe,1
hoist,1
hold,47
holding,1
hole,5
holiday,2
holler,1
hollow,3
home,90
home-duty,1
home-like,1
home-made,1
homelessness,1
homely,2
homeric,1
homesick,2
honest,13
honestly,5
honesty,2
honey,1
honor,29
honorably,2
hood,2
hoot,1
hop,6
hope,60
hopeful,7
hopeless,2
hopelessly,1
hopin,1
horn,1
hornet,1
horrid,2
horror,2
horse,10
hose,3
hospitable,4
hospitably,1
hospital,5
hospital-cot,1
hossification,1
hossify,1
host,2
hot,6
hotel,18
hotly,1
hottest,1
hound,1
hour,41
house,26
housekeeper,5
housekeepin,1
housekeeping,3
housewife,1
houw,1
hove,1
hover,4
how,152
however,16
howl,1
hue,1
huffy,1
hug,5
hull,4
hum,10
human,9
humble,1
humblest,1
humbug,1
humdrum,2
humiliated,2
humiliation,1
humility,5
humliest,1
humly,3
humor,2
humorous,2
humpy,1
hundred,3
hunger,7
hungry,9
hunt,2
hurrah,2
hurrahe,1
hurricane,2
hurry,27
hurt,8
husband,3
hush,8
husk,1
huskiness,2
hustle,1
hydropathically,1
hymn,2
hysteric,3
hysterical,2
hysterically,1
i,1
i.,5
ice,2
ice-cream,1
ice-pitcher,1
idea,21
idee,4
identical,1
idiot,1
idle,4
idleness,2
idol,3
if,379
ignorance,1
ignorant,3
ii,4
iii,1
ilin,1
ill,10
ill-disguised,1
ill-temper,1
illness,3
illusion,2
illustrate,3
illustration,16
image,6
imaginable,1
imaginary,2
imagination,4
imagine,9
imbecile,1
imitate,1
immaculate,1
immediate,1
immediately,1
immense,5
immensely,9
immortal,4
immortality,1
imp,1
impassive,1
impatient,7
impatiently,5
impede,1
impenetrable,1
imperious,1
impervious,1
impetuosity,2
impetuous,2
impetuously,3
implement,1
implore,3
imploringly,1
importance,2
important,1
impossibility,1
impossible,18
impostor,3
impress,1
impression,4
impromptu,1
improve,3
imprudent,1
impulse,5
impulsive,4
impulsively,2
in,1274
inactivity,1
incident,1
inclination,1
incline,1
inclined,1
incognito,1
incoherency,1
incoherent,1
incoherently,1
incompatible,1
inconsistency,2
inconvenience,1
increase,8
indeed,10
independence,1
indescribable,1
indifference,1
indifferent,1
indignant,4
indignantly,1
indignation,2
indispensable,1
individual,1
induce,2
indulge,7
inequality,1
inevitable,1
inexplicable,1
infant,2
infatuated,1
infectious,1
infinite,1
infinitely,1
influence,4
influential,1
influenza,1
information,2
ingratitude,1
inhabitant,1
inhale,1
inhospitality,1
iniquity,1
initial,7
injured,2
injurious,1
ink,1
inmate,1
inn,1
inner,1
innocent,12
innocently,2
inquire,6
inquiry,1
inquisitive,1
inside,15
insinuation,1
insist,8
inspect,1
inspection,1
inspiration,2
inspire,3
inspiring,2
inst,3
install,1
instant,13
instantly,6
instead,7
instinct,1
instinctive,1
instinctively,1
institution,1
instructive,1
instrument,1
insult,1
int,2
integrity,1
intellect,1
intelligible,2
intend,8
intense,7
intensely,6
intent,6
intention,1
intently,3
intentness,1
inter,2
interest,39
interested,5
interestin,1
interesting,12
interrupt,3
interruption,1
interval,1
interview,3
intew,5
intimately,1
into,151
invade,1
invader,1
invalid,12
investigate,1
invitation,6
invite,12
invitingly,2
involuntarily,5
involuntary,2
inwardly,1
irascible,1
irefully,4
irish,2
irksome,1
iron,2
irrelevant,1
irrepressible,6
irresistible,4
irresistibly,1
irreverent,2
irritation,1
irruption,1
island,7
ism,1
isolate,1
it,1153
italian,19
its,71
its-name,1
itself,8
iv,3
ivy,3
ix,2
jacket,12
jackknife,1
jangle,1
jealously,1
jealousy,2
jedge,1
jerk,2
jest,14
jeter,1
jewel,1
jewelry,1
jiffy,2
jig,3
jing,2
jingle,2
job,10
jog,1
join,16
joke,19
jokin,1
jollity,1
jolly,13
jostle,1
journey,7
jove,1
jovial,1
joy,13
joyful,3
judge,4
judgment,1
juice,1
juiciness,1
juicy,1
jumble,1
jump,13
jungle,1
junior,2
juno,1
jus,4
just,99
justice,2
justly,1
keen,10
keenness,1
keep,107
keeper,2
keepin,2
kellner,1
kep,2
kerry,4
ketch,2
ketched,1
key,1
key-hole,1
keyhole,1
kick,1
kid,1
kill,2
kin,3
kind,46
kind-hearted,3
kinder,10
kindest,2
kindle,3
kindly,8
kindness,7
king,3
kingdom,2
kiss,33
kit,2
kitchen,9
kith,1
kitten,1
kitty,9
knack,1
knee,11
knee-breeches,1
kneel,5
knell,2
knickerbockers,2
knife-tray,1
knight,2
knit,5
knock,4
know,213
knowledge,3
kreutzer,2
l,5
la,1
labor,5
labyrinth,1
lace,5
lack,4
lad,22
ladder,3
laddie,1
laden,4
lady,85
lake,11
lakes,1
lamb,6
lame,2
lament,2
lamentation,4
lamp,4
land,8
land-shark,1
landing,5
landlady,1
landmark,1
landscape,9
language,3
languid,2
languidly,1
languor,1
lantern,2
laoud,1
lap,6
lapse,2
lar,3
larf,2
larfed,1
larfin,1
large,12
large-eyed,1
larger,2
largest,2
lark,1
larkin,1
last,91
latch,1
late,32
lately,8
later,7
latest,1
lation,1
latter,2
lattice,1
laugh,83
laughin,1
laughing,7
laughingly,3
laughter,9
laundress,1
lava,3
lavish,1
law,2
lawsuit,1
lay,60
layin,1
lazy,2
le,2
lead,29
leader,1
leaf,4
leak,1
lean,20
lean-to,1
leap,4
learn,23
learning,1
least,13
leastway,1
leathern,2
leave,110
leavin,3
lecture,3
ledge,2
leeve,2
left,6
left-hand,1
left-handed,1
leg,10
leg-of-mutton,1
legatee,1
legend,4
legion,1
leibchen,1
leisure,2
leisurely,2
lemon,8
lemonade,3
lend,8
lenient,1
less,14
lessen,2
lesson,7
lest,6
let,92
letter,15
level,2
liberal,1
liberate,1
liberty,7
libry,1
license,1
lichen,1
lickin,1
lid,1
lie,24
lieutenant,1
life,88
life-boat,1
life-like,1
life-preserver,1
lifeless,2
lifelike,1
lifelong,1
lift,11
light,33
lighten,1
lighter,2
lighting,2
lightly,2
lightning,1
like,241
likeliest,2
likely,3
liken,1
likeness,4
likewise,1
limb,6
limit,2
limonade,2
limp,1
lin,1
line,12
linen,2
liner,1
linger,2
link,1
lion,5
lip,23
lip-service,1
lira,3
list,3
listen,32
listener,2
listless,1
listlessly,1
literature,2
little,431
live,45
lively,5
livin,3
living,2
lly,1
lo,3
load,2
loaded,1
loaf,2
loafin,1
loath,1
locate,1
located,1
lock,10
lock-up,1
lodgings,1
lofty,1
log,2
loggin,1
loiter,1
loll,1
loneliness,2
lonely,9
lonesome,2
long,111
long-anticipated,1
long-eared,1
long-legged,1
long-limbed,1
long-suffering,1
longed,1
longer,18
longest,1
longing,15
look,273
lookers-on,1
lookin,2
loop,3
loophole,1
loose,2
lordly,2
lose,48
loss,5
lot,14
lottchen,1
loud,4
loudest,1
loudly,1
lounge,4
love,132
love-lay,1
lovelier,1
loveliest,2
lovely,20
lover,15
lovin,4
loving,14
low,22
low-spirited,1
lower,9
loyal,3
loyally,1
loyalty,3
lucifer,1
lucindy,1
luck,6
ludicrous,2
ludicrously,1
luggage,3
lukewarm,1
lull,2
lullaby,4
lumberin,4
lumberman,2
lunatic,1
lunch,5
luncheon,5
lung,3
lurk,1
lustrous,1
luxuriantly,1
luxurious,1
luxuriously,1
luxury,5
ly,1
m.,1
ma,3
ma'am,24
mad,8
madam,1
madame,1
mademoiselle,32
madly,2
madness,1
magazine,2
magic,6
magnanimous,1
magnificent,3
magnify,1
magnifying,1
magnitude,1
maid,4
maiden,2
mail-bag,1
main,3
majestic,1
major,78
make,277
makin,1
malady,4
malarial,1
malice,2
malicious,1
malignant,1
malignantly,1
mamma,19
man,203
man-trap,1
manage,16
mandolin,1
mane,2
manfully,1
manger,1
manhood,1
mania,2
maniac,1
manifest,1
mankind,2
manly,8
manner,29
manners,5
manoeuvre,1
mansion,1
mantel-piece,1
mantle,3
manuscript,1
many,75
maouth,1
mar,4
marble,4
march,13
mark,5
marked,1
market-woman,1
marriage,3
marry,28
marryin,3
martial,3
martyr,1
marvel,2
masculine,4
mask,2
masquerade,2
mass,5
massive,2
massy,1
master,5
master-piece,1
masterly,2
masterpiece,1
masthead,1
mastiff,1
match,5
mate,8
maternal,7
matron,1
matter,24
mature,1
mauve,1
maxim,1
may,82
maybe,5
mazin,3
meadow,6
meagre,2
meal,2
mean,44
meaning,1
means,7
meantime,3
meanwhile,3
measles,1
measure,1
meat,1
meat-dish,1
mebbe,1
medal,1
meditate,1
meditation,2
meditatively,2
medley,1
mee,1
meekly,5
meekness,1
meet,42
meetin,1
meeting,5
melancholy,5
melancholy-eyed,1
mellow,1
melodious,1
melt,1
memorable,3
memory,12
menace,1
mend,1
mental,4
mentally,2
mention,8
mercenary,1
merchant,2
merciful,1
mercy,5
mere,4
merely,2
merican,1
merried,1
merrily,1
merriment,11
merry,15
merryin,2
mess,4
message,2
messenger,4
metaphysical,1
mettle,1
microscopic,1
mid-summer,1
middle,6
midnight,5
midst,3
midsummer,1
might,53
mightily,1
mighty,1
mild,9
mildly,3
mile,3
military,2
milk,1
mill,5
million,1
millionnaire,2
mince,1
mind,56
mine,16
mingle,3
mingled,7
minister,3
minit,1
minnet,1
minor-chord,1
minute,31
minx,1
miracle,1
mirror,2
mirth,2
mirthful,2
miscellaneous,1
mischief,5
mischievous,3
mischievously,1
miserable,2
misery,3
misfortin,1
misfortune,4
misguided,1
mishap,4
mislead,1
miss,17
missin,1
misstep,1
mistake,8
mistaken,2
mistress,1
mistrust,4
misunderstand,1
mite,5
mitigate,1
mitten,3
mixture,2
moan,4
mob-cap,1
mock,1
mockery,1
model,7
moderate,1
modern,3
modest,1
modestly,1
modiste,1
molasses,1
mold,2
mole,1
moment,49
momentary,5
momentous,2
mon,1
money,48
moneyless,1
monie,3
monk,2
monkey,3
monsieur,5
month,15
monument,1
mood,10
moon,6
moonlight,8
mooring-rope,1
mope,2
moral,4
moralize,1
morally,1
morbid,1
more,146
moreover,1
morning,32
morose,1
morrow,2
morsel,1
mortal,4
mortification,1
mortify,1
moss,3
mossy,1
most,51
mostly,1
moth,3
mother,67
motherliness,1
motherly,7
motion,1
motionless,4
motive,1
motley,1
motto,2
mould,2
mound,1
mount,3
mountain,6
mountainside,1
mourn,2
mournful,1
mouse,1
mouth,13
move,12
movement,2
much,148
much-desired,1
much-loved,1
mud,1
mud-pie,1
muddiest,1
muddle,1
muddy,1
muffle,1
mug,1
multiplication,1
multitudinous,1
mummery,2
munch,1
murmur,11
muscle,3
muse,1
museum,2
music,26
musical,2
muslin,11
must,87
mustache,2
muster,2
musty,3
mute,2
mutter,9
mutterin,1
mutton,1
mutual,6
my,488
myrtle,1
myself,43
mysterious,4
mystery,8
mythological,1
name,59
naow,3
nap,1
napeler,1
napkin,1
napoleon,1
narrate,1
narrow,9
narrowly,1
nary,1
nat,1
nater,1
nation,3
nationality,2
native,11
natural,4
naturally,3
nature,17
naughtiest,1
naughty,3
neapolitan,1
near,29
nearer,9
nearest,3
nearly,12
neat,1
neatest,1
necessaries,1
necessary,3
neck,7
need,52
needle,1
needy,1
neglect,5
neighbor,14
neighborhood,2
neighborly,1
neither,22
nephew,3
nerve,5
nervous,1
nest,4
nestle,3
net,1
nettle,2
neuralgia,1
never,119
never-to-be-forgotten,2
nevertheless,2
new,52
new-comer,4
new-fashioned,1
newcomer,2
newly,2
news,7
newspaper,3
next,32
next-door,1
nice,19
nicely,4
nicer,2
niece,6
nigh,1
night,62
nightcap,1
nightfall,3
nightingale,1
nimbly,1
nine,4
ninepence,1
nip,1
no,245
noble,7
nobleness,1
nobler,1
noblest,1
nobly,1
nobody,7
nobuddy,1
nod,14
noise,2
noiselessly,2
noisome,1
none,9
nonsense,3
nonsensical,1
noodle,1
nook,9
noon,2
noonday,2
nor,34
norse,1
nose,9
nosegay,2
not,968
note,9
nother,3
nothin,6
nothing,53
notice,6
notion,4
novel,8
novelist,3
novelty,6
novice,1
novil,1
now,170
now-a-days,1
nowadays,3
nowhere,1
nub,1
nuff,1
numbed,1
number,8
nun,1
nurse,6
nursery,1
nussin,1
o,19
o'clock,2
oak,1
oats,1
obey,5
object,11
objection,4
oblige,3
obligingly,2
oblivion,1
oblivious,1
observation,1
observe,10
observer,2
obstacle,1
occasion,3
occasionally,1
occupy,4
occur,2
ocean,3
octagon,2
odd,14
odds,2
odor,4
of,1947
off,102
offence,1
offend,1
offended,1
offer,24
offering,1
office,4
officer,2
often,32
oftenest,1
oh,68
old,193
old-fashioned,8
older,4
oldest,3
oldtaown,2
olive,2
olive-branch,1
olive-garden,1
olive-wood,2
ology,1
omit,1
omnipotent,1
on,523
once,57
oncertin,1
oncet,3
one,360
oneself,1
only,114
onto,1
ooner-leerer,1
open,49
open-handed,1
opening,4
ophelia-like,1
opinion,3
opinionate,1
opodeldoc,1
opportunely,1
opportunity,3
opposite,11
oppress,2
or,205
orange,5
oratory,1
orchard,1
order,27
ordinary,1
organdie,2
original,1
originality,1
ornament,3
ornamented,1
orphan,1
oscuro,1
osier,1
ossify,1
other,105
otherwise,2
ought,13
ould,1
ourn,1
ours,3
ourselves,5
out,202
outbreak,2
outburst,1
outcast,1
outline,2
outlive,1
outlook,1
outrage,1
outside,5
outsider,1
outstretch,3
oval,1
oven,4
over,151
over-dressed,1
over-topped,1
overcome,5
overdo,1
overflow,3
overhang,2
overhead,3
overhear,3
overheard,1
overlook,3
overpaourin,1
overpower,3
oversight,1
overturn,1
overwhelm,1
overwhelming,2
owe,8
owl,3
own,98
owner,11
ox,1
oxen,3
p,2
pace,3
pacing,2
pack,5
packet,1
paddle,1
page,4
pail,3
pain,21
painful,3
painfully,2
paint,8
paintin,1
pair,17
palace,1
pale,24
paleness,1
paler,1
paletot,1
pall,1
pallet,1
pallor,1
palm,1
palpitation,1
palsdorf,1
pamper,1
pan,1
pang,4
panic,3
panic-stricken,1
panier,1
pansy,1
pant,2
pantry,5
paound,1
papa,51
paper,8
papers,3
parasol,1
parcel,1
pardon,20
parent,4
parish,1
park,3
parlor,4
parole,1
part,43
partaken,1
partially,1
particular,3
particularly,5
particulars,1
parting,4
partner,1
party,28
pas,1
pass,39
passage,4
passageway,1
passenger,17
passer-by,1
passion,9
passionate,3
passionately,2
past,17
paste,1
pastime,1
pastry,1
pat,3
patch,1
pate,1
paternal,5
paternally,2
path,7
pathetic,9
pathetically,1
pathos,1
patience,14
patient,9
patiently,3
patriarchal,1
patriotic,3
patriotism,2
patronize,1
pattern,1
patting,1
pauper,2
pause,26
pave,1
pavement,1
pavilion,1
paw,1
pay,18
payment,1
peace,7
peace-offering,1
peaceful,2
peacefully,1
peacock,1
peal,5
peanut,1
pear,5
pearl,1
pearl-colored,1
peasant,2
peck,1
peculiar,7
peculiarity,1
peek,1
peekin,1
peep,10
peeping,2
peer,1
pell-mell,1
pen,2
penance,2
pencil,5
penetration,2
penitence,2
penitent,3
penniless,1
penny,10
pension,1
pensive,2
pensively,2
people,52
pepper,1
per,1
perceive,3
perception,1
perch,6
perfect,14
perfection,3
perfectly,8
perfessun,2
perform,4
performance,3
perfume,1
perhaps,17
peri,1
peril,3
perilous,1
period,2
perish,1
perishable,1
permission,4
permit,6
permotion,1
perplexed,1
perplexity,2
persist,1
persistency,1
person,13
personage,2
personal,5
personate,1
persuade,1
persuasive,3
pert,2
pertickler,1
perturb,1
pervade,4
perversity,3
pester,1
pet,7
petal,1
petting,1
pettishly,1
petulant,3
petulantly,1
pew,1
pewter,1
pfennige,1
phalanx,1
phase,1
philander,1
photograph,2
phrase-book,1
physical,2
piano,1
piazza,3
pick,11
picket,1
pickin,1
pickle,1
pictorial,1
picture,16
picture-book,1
picture-gallery,1
picturesque,5
pie,7
piece,13
pier,1
pierce,1
piety,4
pig,4
pigheaded,1
pile,1
piller,1
pillow,3
pilot,1
pin,5
pinafore,1
pinch,4
pinched,1
pine,6
pink,4
pious,3
pipe,3
piquant,1
pirate,1
pistol,3
pistol-shot,1
pit,1
pitch,2
pitcher,1
pitiful,1
pitifully,2
pitiless,1
pity,21
place,56
placid,2
placidly,3
plague,2
plain,10
plainly,8
plaintive,2
plaisanterie,1
plan,15
plank,1
plant,2
plase,1
plaster,1
plaster-corker,1
plastic,1
plate,4
plateau,1
platform,3
platter,2
play,32
playful,1
playing,1
playtime,1
plead,6
pleasant,29
pleasanter,2
please,24
pleased,7
pleasure,25
plentiful,1
plenty,6
plight,3
plod,2
plot,2
plotter,1
plough,1
pluck,1
plucky,2
plum,1
plum-colored,2
plumage,1
plume,1
plump,6
plumper,1
plunder,2
plunge,2
pneumonia,1
pocket,14
pocket-book,1
pocket-diary,1
pocket-handkerchief,2
poem,1
poet,2
poetical,1
point,14
pointed,1
pointin,1
poise,2
poke,3
polar,1
police,1
polish,10
polisson,2
polite,4
politely,2
politeness,2
political,3
pologne,1
ponder,1
ponderous,1
pony,1
poor,92
poorer,2
poorly,1
pootiest,2
pop,1
popular,1
population,1
porch,1
pore,2
porpoise,1
port,3
portfolio,5
portion,3
portrait,2
pose,9
position,2
possess,14
possession,12
possibility,1
possible,15
possibly,1
post,7
postilion,1
postpone,1
posy,4
potato,2
pottery,1
pound,1
pour,4
pout,1
poverty,6
poverty-stricken,1
power,14
powerful,1
practical,1
practise,1
praise,9
prank,8
prattle,2
pray,7
prayer,3
prayer-book,2
pre-eminent,1
preach,3
precious,3
precipitate,1
precipitately,2
precipitation,1
precocious,1
predict,1
prefer,6
prejudice,2
preparation,3
prepare,8
prepared,1
presence,5
present,10
presently,18
presentment,1
preserver,1
press,8
pressure,1
presume,3
presumptuous,1
pretext,2
prettier,7
prettiest,1
prettily,2
prettily-bound,1
pretty,62
prevail,1
prevent,1
prey,1
price,3
prick,2
pride,9
priest,1
prima,1
prime,1
primitive,1
primmest,2
primness,1
primrose,2
prince,2
princess,1
principally,1
principle,1
prinking,1
print,1
pris,2
prise,1
prison,2
prisoner,2
private,3
privately,5
privation,2
privy,1
prize,1
prob,1
probably,4
proceed,4
proceedings,1
process,3
procession,1
proclaim,1
prodigal,1
produce,10
profess,2
professor,5
profoundly,1
profusely,1
progress,2
promenade,2
promenader,1
prominent,1
promiscuous,1
promise,31
promote,1
promotion,1
promptly,1
prone,1
pronounce,6
prop,1
proper,4
property,4
prophecy,2
prophet,1
prophetic,1
prophetically,1
proportion,2
propose,6
proposition,1
propriety,1
prosaic,1
prospect,10
prospects,5
prosper,2
prosperity,2
protection,1
protestant,1
proud,21
prouder,1
proudly,5
prove,23
provide,3
providentially,1
provoke,4
provoking,1
prowess,1
prowl,1
proxy,1
prudence,3
prudent,2
prudently,1
pryin,1
psalm,1
psyche,19
public,3
pudding,3
puff,1
puffed,1
pull,25
pumpkin,2
punch,1
punctual,1
punishment,1
pupil,3
puppose,1
purchase,1
pure,2
purest,1
puritanical,1
purlash,1
purple,4
purpose,5
purr,1
purring,1
purse,2
purser,1
pursue,1
pursuit,1
push,2
put,75
puttin,1
puzzle,1
quail,1
quaint,3
quaintly,1
quaintness,1
quakerish,1
quantity,4
quarter,7
quarter-deck,1
quaver,1
queen,2
queer,12
queerness,1
quench,1
querulous,1
question,17
quick,16
quicken,1
quickly,5
quicksand,1
quid,1
quiet,25
quieter,1
quietly,12
quietude,1
quietus,1
quilted,1
quit,2
quite,40
quiver,1
quiz,1
quote,2
race,2
racer,1
rack,3
raconteur,1
radcliffian,1
radiant,3
rag,1
rag-bag,2
rage,3
ragged,3
raid,2
rail,5
railing,5
railroad,4
railway,2
rain,2
rainy,1
rainy-day,1
raise,3
raisin,1
rake,1
ralness,1
ramble,1
rank,5
rankle,1
ransack,1
raound,11
rapid,4
rapidity,1
rapidly,13
rapture,4
rapturous,3
rare,1
rarely,1
rarer,1
rascal,1
rash,2
rashly,2
rat,1
rate,1
rather,43
rattle,3
ravage,1
ravenous,1
ravishing,1
ray,1
reach,24
read,30
reader,5
readily,3
reading,3
ready,33
real,27
reality,1
really,32
rear,2
reason,3
reassure,4
rebel,4
rebeldom,1
rebellion,1
rebellious,1
rebuke,1
recall,10
receipt,1
receipt-book,1
receive,14
recent,1
reception,1
recess,2
recite,1
reckless,2
recklessness,1
reckon,3
recline,1
recognition,1
recognize,3
recollect,1
recollection,4
recommend,2
reconnoissance,1
reconnoitr,1
record,4
recover,7
recovery,1
red,28
red-haired,3
red-headed,1
red-shirted,1
redbreast,1
redden,3
redder,2
redeem,1
redolent,1
redoubled,1
reel,2
reflect,3
reflection,2
reform,2
reformation,1
refraction,1
refrain,2
refresh,4
refreshing,1
refreshment,2
refuge,7
refusal,1
refuse,9
reg,1
regain,1
regard,5
regardless,2
regenerate,1
regiment,5
regret,13
regretful,2
regular,9
reign,4
rein,4
reject,2
rejice,1
rejoice,3
relapse,3
relation,2
relative,5
release,1
relent,1
reliance,1
relic,4
relief,7
relieve,3
relieved,2
religion,6
relinquish,2
relish,3
relit,1
reluctance,1
reluctant,3
reluctantly,3
rely,1
remain,18
remark,11
remarkably,3
remember,38
rememberin,2
remembrance,2
remind,7
reminiscence,2
remnant,1
remodel,1
remonstrance,1
remonstrate,1
remorse,2
remorseful,1
remove,4
rencontre,1
rend,2
render,3
renounce,1
rent,2
reopen,1
repair,1
repass,1
repay,1
repeat,8
repeatedly,1
repellent,1
repent,1
repetition,1
replace,2
reply,34
report,13
repose,5
repress,1
reproach,6
reproachful,6
reproachfully,1
reprobate,1
reproduce,2
repulse,1
request,4
require,2
rescue,3
reseat,1
resemble,1
resent,2
reserve,1
resign,2
resignation,2
resigned,2
resist,7
resky,2
resolute,3
resolutely,1
resolution,3
resolve,9
resort,1
respect,13
respectable,2
respectful,5
respectfully,1
respective,1
respects,4
respond,2
responsibility,2
rest,46
restless,3
restore,5
restrain,5
restraint,1
resume,1
retain,1
reticence,1
reticent,1
retire,5
retort,1
retrace,1
retreat,5
return,55
revel,3
revelation,3
reverberate,1
reverence,1
reverend,1
reverently,2
reverie,2
revival,1
revolution,3
revolve,1
revolving,1
reward,11
rewd,1
rewin,1
rewmatiz,1
rheumatic,1
rheumatism,4
rhyme,1
rhyming,1
ribbon,7
rich,17
richer,1
riches,1
richest,1
richmond,1
rid,4
ride,4
ridiculous,5
rifle,4
rig,1
right,62
rights,4
rigid,1
rile,2
ring,36
ringing,1
riotous,1
rip,3
ripen,1
ripple,1
rise,33
riser,1
rising,1
risk,4
rite,2
rival,2
river,11
rivet,1
road,14
roadside,1
roam,7
roar,3
rob,1
robin,1
robust,1
rock,6
rocking-chair,1
rocking-horse,1
rogue,2
roguish,3
role,1
roll,6
rollick,1
rolling,1
rolling-pin,1
roly-poly,1
romance,28
romantic,12
romp,2
roof,11
room,57
rooster,1
rope,2
rosary,1
rose,22
rose-bud,1
roserl,1
rosette,1
rosy,8
rough,17
roughen,1
roughest,1
roughin,1
round,48
round-eyed,1
rouse,5
rousing,3
rout,1
route,2
routine,1
roving,1
row,6
row-boat,3
rowdy,1
royal,2
rub,3
rubber,1
rubicund,1
ruddy,2
rude,3
rudely,3
rudeness,2
ruffian,1
ruffle,3
rug,3
ruin,16
ruinous,2
rule,1
ruler,1
rumble,1
rummage,2
rumple,1
rumseller,1
run,44
rural,1
ruse,1
rush,15
russian,2
rust,2
rustic,2
rustle,2
rustling,1
rusty,2
rut,1
ruther,5
ruthless,1
sacque,4
sacred,1
sacrifice,9
sad,20
sadden,2
sadly,1
sadness,2
safe,22
safely,11
safest,1
safety,6
sag,1
sage,1
sail,10
sailor,5
saint,6
sake,10
sakes,1
salad,2
salary,1
sale,1
salle,1
sallyrathis,1
salon,5
saloon,5
salt,5
salutary,1
salute,6
salvation,1
same,26
sample,1
sandwich,2
sarcasm,1
sarcastic,1
sarcy,1
sarsy,1
satin,4
satiric,1
satisfaction,18
satisfactorily,1
satisfactory,2
satisfied,6
satisfy,8
sauce,1
saucy,1
savage,1
save,24
savory,1
saw-mill,1
say,435
sayin,2
scamp,1
scamper,3
scantily,1
scaoulin,1
scapegrace,1
scar,3
scarcely,2
scare,4
scarecrow,1
scared,2
scarf,3
scarlet,4
scarlett,1
scatter,1
scattering,1
scene,20
scene-painter,1
scented,1
sceptin,1
scheme,1
school,4
school-boy,1
scientifically,1
scold,3
scolding,1
scoop,1
scorch,1
score,2
scorn,4
scornful,1
scowl,1
scramble,4
scrap,2
scrape,4
scratch,3
scream,3
scrimmage,1
scruple,1
sculp,1
sculptor,1
sculpture,2
scurcely,1
scurse,1
scuse,1
sea,5
sea-sickness,1
seal,1
seam,1
search,7
seasickness,1
season,8
seat,18
secede,1
second,12
second-class,1
secret,12
secretly,3
secure,5
securely,1
security,1
see,367
seedy,1
seein,1
seem,98
seeming,2
seemingly,3
seesaw,1
seize,5
seldom,4
select,2
self,5
self-denial,1
self-forgetful,1
self-forgetfulness,1
self-improvement,1
self-possession,2
self-reliant,1
self-sacrifice,1
selfish,9
selfishness,1
sell,9
sence,4
send,30
send-off,1
senior,1
sens,3
sensation,5
sensational,1
sense,15
senseless,1
sensible,2
sentence,2
sentiment,2
sentimental,6
sentinel,3
separate,2
separately,1
sequel,1
serenade,3
serene,2
serenely,1
serial,2
series,1
serious,3
seriously,1
seriousness,1
sermon,4
serpent,1
servant,6
serve,15
service,5
servin,1
set,34
settin,1
settle,22
settlin,1
seul,1
seven,4
seventeen,1
seventh,1
seventy,1
several,16
severe,3
severely,3
sew,7
sewing,2
sex,5
sez,15
sh,1
sha,5
shabby,5
shade,4
shadow,16
shadowy,6
shady,3
shaft,1
shake,33
shall,98
shalt,2
shame,11
shame-stricken,1
shamefacedness,1
shape,4
shapely,1
share,13
sharp,11
sharply,4
shatter,2
shaving,1
shawl,14
shawled,1
she,1963
sheep,5
sheet,1
shelf,1
shelter,3
shelterless,1
shield,1
shift,1
shilly-shallye,1
shine,20
shinin,1
ship,13
ship-shape,1
shipboard,1
shipwreck,1
shirk,2
shirt,8
shiver,7
shock,2
shoe,4
shoe-string,2
shone,8
shoot,4
shop,6
shore,5
short,19
shorten,1
shortest,1
shot,3
should,63
shoulder,28
shout,16
shove,1
shovel,1
show,51
shower,1
shower-bath,1
shred,1
shrewd,2
shrewdness,1
shriek,6
shrill,7
shrillest,1
shrillness,1
shrilly,2
shrink,6
shroud,4
shrub,1
shrubbery,2
shrug,2
shudder,2
shuffle-board,1
shun,2
shut,11
shy,9
shyly,2
shyness,3
sick,13
sickness,1
side,41
sidelong,1
sidewalk,1
sigh,33
sight,39
sigismund,1
sign,3
signal,1
signalize,2
signalling,2
signature,1
significance,1
significant,1
significantly,1
signify,1
signorina,1
silence,15
silent,6
silently,3
silk,6
silken,1
sill,1
silly,7
silly-hoot,2
silver,2
silver-gray,1
silver-headed,1
silvery,3
simper,1
simple,11
simplest,1
simpleton,1
simplicity,2
simply,6
sin,10
since,20
sincere,2
sincerely,4
sincerest,1
sincerity,3
sinful,1
sing,19
singing,7
single,5
single-handed,1
sink,2
sinner,2
sinning,1
sinuous,1
sip,2
sir,24
sister,20
sisterhood,1
sisterly,1
sit,71
situation,3
six,11
six-and-twenty,1
sixteen,2
sixth,1
sixty,1
size,4
sketch,7
ski,1
skilful,1
skilfully,1
skill,6
skin,2
skin-flint,1
skip,5
skirmish,2
skirt,7
sky,8
slang,2
slap,6
slapping,1
slash,1
slate,3
slave,4
slavery,3
sleek,1
sleep,26
sleeper,1
sleepily,1
sleepless,1
sleepy,4
sleeve,4
sleigh,4
sleigh-ride,1
slender,7
slew,1
slice,3
slick,1
slide,2
slight,9
sling,4
slip,10
slipper,1
slit,1
slope,2
slouch,1
slough,1
slow,5
slow-spoken,1
slowest,1
slowly,11
sluggish,1
slumber,1
sly,2
small,42
smart,6
smartly,1
smash,4
smile,70
smileless,1
smilin,1
smite,1
smoke,4
smoked,1
smooth,6
smoothly,1
snap,2
snatch,3
sneer,1
sniff,4
snip,1
snort,1
snow,8
snow-covered,1
snowy,3
snub,4
snuff-box,2
snug,3
snuggle,1
so,449
soap-suds,1
soaring,1
sob,9
sober,7
soberly,2
sobriety,2
social,1
society,4
sock,1
sofa,10
soft,18
soft-heart,1
soft-hearted,1
soften,5
softened,1
softer,3
softest,1
softly,9
soil,1
solace,1
soldier,8
soldier-like,1
soldierly,1
solemn,8
solemnity,3
solemnize,1
solemnly,3
solermy,2
solicitude,2
solid,1
solitary,5
solitude,2
solve,2
some,141
somebody,4
somehaow,1
somehow,9
somethin',1
something,73
sometimes,12
somewhat,9
somewhere,7
son,11
song,7
sonorous,1
soon,75
sooner,2
soonest,1
soothe,3
soothing,1
soothingly,1
sophie,1
sophy,1
sore,1
sorely,1
sorrow,4
sorrowful,2
sorry,8
sort,40
sotto,1
soul,48
sound,36
soup,4
sour,1
source,1
sourest,1
south,1
souvenir,1
sow,1
space,3
spacious,1
spade,1
span,1
spar,1
spare,8
sparkin,1
sparkle,4
sparkling,2
sparrow,2
spatterin,1
speak,98
speaker,5
speaking,2
spear,1
specially,3
specimen,2
spectacle,4
spectacles,2
spectator,1
spectral,1
speech,9
speechless,1
speed,3
speedily,3
speedy,3
spell,13
spend,11
sphere,5
spice-bread,1
spice-cake,1
spider,1
spill,1
spin,5
spinning,1
spinus,1
spire,1
spirit,39
spite,29
spiteful,1
splash,2
spleen,1
splendid,15
splendidly,1
splendor,3
split,4
spoil,8
spoon,3
spoonful,2
sport,1
spot,9
spray,1
spread,8
sprightliest,1
spring,13
sprinkling,1
spruce,1
spry,1
spur,1
squalid,1
squalling,1
square,1
squeak,2
squeeze,3
squirm,1
squirrel,2
stag,1
stage,3
stagger,1
stain,2
stair,11
staircase,3
stairway,1
stalk,1
stall,1
stalwart,3
stammer,1
stamp,1
stamped,1
stan,3
stanch,1
stand,89
standing,2
star,5
starch,1
stare,18
starlight,2
start,24
starting-point,1
startle,9
startled,2
startling,4
starve,5
starvin,1
state,22
state-room,4
statelier,1
stately,2
station,7
statue,4
stay,17
steadfast,1
steadily,1
steady,10
steal,9
stealthy,1
steam,2
steam-engine,1
steamboat,4
steamer,10
steamship,6
steely,1
steep,5
steeple,2
steer,1
steerage,3
stem,2
step,34
step-street,1
steppin,1
stepping-stone,1
stern,8
sternly,1
steward,2
stewardess,1
stick,4
stiddier,1
stiddy,3
stiff,3
stiffness,1
stifle,1
stifled,5
still,54
stiller,1
stillness,2
stimulant,1
stir,5
stitch,2
stock,4
stocking,2
stone,17
stony,1
stool,3
stoop,4
stop,29
stoppin,1
store,6
storm,4
stormily,1
stormy,1
story,34
story-book,1
stout,7
stoutly,2
stow,4
straight,13
straighten,1
strain,5
strained,1
strange,8
stranger,16
strangest,1
straw,1
straw-colored,1
strawberry,1
stray,1
streak,3
stream,1
street,21
street-singer,1
strength,16
strengthen,1
stretch,4
stretcher,1
strew,3
strictly,1
stride,2
strike,14
strip,2
stripe,2
stripling,1
stroke,4
stroll,6
strong,23
stronger,2
strongly,5
strongness,1
struggle,5
student,9
studio,6
study,17
stuff,2
stump,1
stunnin,1
stunt,1
stupid,5
stupide,1
stupidity,2
stupidly,1
style,8
stylish,1
subdue,1
subject,5
sublime,1
sublimely,1
submission,1
submit,4
subside,4
substitute,1
subtile,2
suc-cess-ion,2
succeed,6
success,7
successful,1
successfully,1
succession,1
such,91
sudden,30
suddenly,27
suddin,1
suds,2
suffer,18
suffering,4
suggest,12
suggestion,3
suggestive,2
suicide,1
suit,15
suite,1
sullen,1
sum,2
summer,8
summer-house,1
summons,2
sumptuous,3
sun,14
sun-umbrella,1
sunken,1
sunlight,1
sunny,11
sunset,1
sunshade,1
sunshine,11
sunshiny,1
superb,4
superior,1
superstition,1
supper,11
supplies,1
supply,3
support,5
suppose,7
suppress,3
supreme,1
sure,49
surely,11
surer,1
surface,3
surgeon,6
surmise,1
surprise,27
surprised,5
surprising,2
surrender,1
surreptitious,1
surround,7
surroundings,1
survey,9
suspect,7
suspense,3
suspicion,2
suspicious,1
sustain,2
sustainin,1
swaller,1
swallow,1
swallow-tail,1
swamp,2
sward,2
swarm,7
swarthy,1
swate,2
sway,1
swear,6
sweep,9
sweeping,1
sweet,26
sweet-toned,1
sweeter,2
sweetest,4
sweetheart,6
sweetly,5
sweetness,1
swiftly,1
swing,6
swiss,1
symbol,1
symbolize,1
sympathetic,1
sympathize,4
sympathy,8
symptom,1
t,4
t.,4
table,18
tableau,4
tach,1
taciturn,1
tact,1
tag,3
tail,5
tailless,1
take,230
tale,3
talisman,1
talk,39
talkin,1
tall,14
taller,1
tallest,2
tam,1
tan,1
taown,2
tap,4
tape,1
tapestry,1
tar,1
tarantula-bite,1
task,5
tassel,2
taste,13
tasty,2
taut,2
tea,9
tea-rose,1
teach,7
teacher,4
teaching,1
teacup,1
team,1
tear,38
tear-stained,1
tearfully,1
tease,1
teasing,1
ted-dee,1
tedious,1
tedium,1
teem,1
teens,1
teenty,1
telegram,3
telegraph,3
telescope,1
tell,150
tellin,2
telltale,1
temper,4
temperate,1
tempestuously,1
tempt,7
temptation,6
tempting,2
temptingly,1
ten,14
tend,3
tendency,1
tender,22
tender-hearted,1
tenderest,2
tenderly,9
tenderness,8
ter,1
terrace,4
terrace-garden,1
terraced,2
terrible,4
terribly,3
terrify,1
terror,4
testament,1
testify,2
testily,1
testimonial,1
tew,57
thaler,1
than,125
thank,32
thankful,1
thanks,17
thanky,1
thar,3
that,889
thaw,1
the,4178
theatre,5
thee,7
theirs,1
themselves,24
then,182
there,247
thereby,1
therefore,1
therein,2
these,46
thet,1
they,872
thick,3
thicker,1
thicket,1
thickly,1
thief,1
thimble,2
thin,7
thing,131
think,183
thinkin,4
thinking,6
thinner,1
third,8
thirst,1
thirsting-for-knowledge,1
thirsty,1
thirty,1
this,226
thither,1
thorough,1
thoroughly,3
those,60
thou,8
though,98
thought,29
thoughtful,3
thoughtfully,3
thoughtless,2
thousand,6
thrash,2
thrashing,1
thread,1
threadbare,1
threatening,1
three,40
three-and-twenty,1
three-cornered,1
threefold,1
threshold,2
thrill,4
thrilling,3
throat,2
through,57
throw,25
thrust,2
thunder,2
thunder-cloud,1
thunderbolt,1
thunderin,1
thy,4
thyself,1
tickle,1
tide,2
tidy,3
tie,9
tight,1
till,105
tilt,1
tilted,2
timber,1
timber-drive,1
time,195
time-table,1
timid,2
timidity,2
tin,1
tingle,1
tingling,1
tint,3
tiny,7
tiptoe,1
tiptop,1
tire,8
tired,25
tired-looking,1
tireless,1
tiresome,1
tissue,1
title,5
titter,1
to,2172
to-day,14
to-morrow,17
to-night,9
toady,3
tobacco,1
toe,1
together,34
toil,1
token,3
toll,2
tomb,1
tone,43
tong,1
tongue,11
too,83
too-confiding,1
tool,5
toot,2
tooth,5
tooth-ache,1
top,13
toper,1
topsy-turviness,1
topsy-turvy,1
torment,1
torn,2
torrid,1
toss,5
tot,1
tote,1
totter,2
touch,30
touchin,1
touching,2
toward,13
towards,3
tower,8
towering,1
town,14
toy,1
trace,5
track,1
trade,5
tragedy,2
tragic,1
tragical,2
tragically,4
train,38
trained,1
trainin,1
traitor,3
tramp,6
trampled,1
tranquil,1
tranquillize,1
tranquilly,1
transfix,1
transgression,1
transient,1
translate,1
translation,2
transparent,1
transport,1
transportation,1
trap,3
trav,1
travel,9
traveler,6
traveling-cap,1
traveller,2
travelling-basket,1
travels,1
tray,2
treacherous,2
tread,2
treason,2
treasure,5
treasured,1
treat,8
treatment,1
treble,1
tree,21
tree-top,1
tremble,7
tremblin,2
tremendous,1
tremulous,1
trepidation,2
tress,1
trew,2
trial,5
tribe,1
tribulation,2
tribute,1
tricircle,1
trick,2
trifle,5
trifling,1
trig,1
trim,2
trinket,1
trio,2
trip,12
triumph,8
triumphal,1
triumphant,1
trodden,1
troop,5
troops,2
trot,7
troth-plight,1
trottin,2
troubadour,1
trouble,25
troubled,3
troublesome,1
trouser-leg,1
trousers,1
truant,1
trudge,4
true,34
truer,2
truest,2
truly,13
trump,1
trumpet,1
trunk,17
trus,1
trust,10
truth,26
try,75
tryin,3
tryst,1
tuck,3
tucker,1
tuft,3
tug,3
tulle,1
tumble,7
tumblin,2
tun,1
tune,2
tuneful,3
tunnel,2
turbulent,1
turf,2
turkey,1
turkey-cock,1
turn,75
turret,1
turtle,4
turtle-dove,1
tutor,1
twang,1
twelve,1
twenty,7
twice,5
twilight,6
twin,2
twinge,2
twinkle,7
twinkling,1
twins,1
twirl,3
twirling,1
twitch,1
two,59
type,1
typical,1
tyrannical,1
tyrant,1
ugly,6
ugly-featured,1
ulnaris,1
umbrella,7
un-english,1
una,2
unable,4
unaffected,1
unaffectedly,1
unanimously,1
unanswered,1
unavoidable,1
unbolt,1
unbroken,1
uncalled,1
unceremoniously,1
uncertainty,1
unchanged,1
uncle,37
uncomfortable,3
uncomfortably,1
uncommon,2
uncommonly,1
uncompromisingly,1
unconscious,10
unconsciously,1
uncover,3
under,55
undergo,1
underneath,2
undersleeve,1
understan,2
understand,17
undertake,1
undertaking,2
undertone,2
undignified,1
undisguised,1
undo,1
undying,1
uneasy,1
unerring,1
unexecutable,1
unexpected,1
unexpectedly,2
unfortunate,4
unfortunately,4
unfrequented,1
ungloved,1
ungrammatical,1
ungrateful,4
unhappiness,1
unhappy,6
unheard-of,1
unhurt,2
uniform,5
uninitiated,1
unintelligible,1
unintentional,1
uninteresting,1
uninvited,1
unite,1
universal,1
unjust,1
unkind,2
unknown,8
unless,8
unlike,1
unlimited,2
unlock,1
unlucky,1
unmanly,1
unmended,1
unmistakable,3
unnatural,1
unnecessary,2
unobserved,2
unperceived,2
unpleasant,1
unprofitable,1
unquenched,1
unreserved,1
unromantic,1
unsatisfactory,3
unsatisfied,1
unseen,2
unselfish,1
unsolved,1
unspoiled,1
unsuspicious,2
untidy,1
untidy-looking,1
untie,1
until,6
untiring,2
untoward,1
untrue,1
unused,1
unusual,7
unusually,4
unwieldy,1
unwilling,1
unwise,1
unwonted,3
up,303
up-stair,1
upon,90
upper,6
upright,1
uproar,3
upset,2
upward,4
urchin,1
urge,2
use,45
useful,5
usefuller,1
usefulness,2
usual,15
usually,9
utensil,1
utmost,3
utter,16
utterly,4
v,1
vacant,1
vacation,2
vagary,1
vague,2
vaguely,1
vain,12
vainly,1
valiant,1
valise,1
valleu,1
valuable,2
value,5
vanish,7
vanity,6
vaow,1
variegated,1
variety,1
various,4
vary,2
vault,10
vegetable-cart,1
veil,4
vein,1
velocipede,1
velocity,1
velvet,5
vendor,1
venerable,3
vengeful,1
vent,3
venter,1
venture,5
vera,1
verb,2
verbal,1
verdict,1
very,189
vessel,2
vest,2
vestige,1
vex,2
vibrate,2
vice,3
victim,5
victoria,1
victory,2
view,10
vigil,1
vigilance,1
vigilant,1
vigor,2
vigorous,6
vigorously,2
vii,2
viii,1
viking,1
village,9
villain,2
vine,5
vineyard,1
vintage,1
violence,1
violent,2
violet,11
virgin,1
virginian,1
virtue,7
virulent,1
visage,1
visible,8
visibly,1
vision,3
visit,7
visitation,1
visitin,2
visitor,6
vittle,2
vivacious,2
vivacity,2
vivid,1
vocabulary,1
voce,1
voice,76
voiceless,1
volcanic,1
volcano,1
volume,1
voluntarily,1
volunteer,2
von,2
vouchsafe,1
vow,5
voyage,11
wa,3
waal,10
wag,1
wages,1
waggin,1
wagging,1
waggle,1
wagon,2
wail,2
wainscot-door,1
waist,2
wait,69
waiter,4
waitin,2
waiting-room,1
wake,18
wakeful,1
wal,1
walk,26
walkin,1
wall,21
wallet,2
waltz,4
wander,5
wandered,1
wanderer,2
wanderin,1
wane,1
want,75
wanted,1
wantin,1
war,24
war-horse,1
ward,3
ward-master,1
wares,1
warm,16
warmer,1
warmin,1
warmly,2
warmth,5
warn,7
warning,3
warningly,2
warped,1
warrior,1
wash,7
washing-day,1
waste,8
watch,47
watch-maker,1
watcher,2
watchful,1
watchmen,1
water,28
water-gate,1
water-pail,1
water-pitcher,1
water-sprite,1
wave,19
waver,1
wavy,1
waxen,1
way,120
we,491
weak,15
weaken,1
weaker,1
weakness,2
wealth,3
wealthy,1
weapon,2
wear,50
weariness,4
weary,9
weather,5
weather-beaten,1
weathercock,1
weave,2
weddin,1
wedding,6
wedding-bell,1
wedding-day,1
wedding-ring,2
wedge,1
wee,6
weed,1
weedy,1
week,20
weep,2
weigh,3
weight,1
welcome,21
well,124
well-beloved,2
well-earned,1
well-feigned,1
well-known,1
well-made,1
well-moulded,1
well-ordered,1
well-to-do,1
well-worn,3
western,1
wet,11
whack,1
what,178
what-you-call-um,1
whatever,6
wheel,3
wheeling,1
when,307
whence,1
whenever,1
where,80
whereas,1
whether,11
which,231
while,122
whim,1
whine,2
whip,5
whipping,1
whirling,1
whirlpool,1
whisk,1
whisking,1
whisper,34
whispering,1
whistle,16
white,37
whiten,1
whiteweed,1
whiting,1
whittle,1
who,204
whoever,2
whole,13
wholesome,1
whom,20
whoop,3
whoop-la,1
whose,26
why,45
wicked,8
wickedly,1
wide,13
wide-awake,1
wide-eyed,1
wide-spread,3
widen,1
widow,9
wife,28
wild,18
wild-cat,1
wilderness,1
wildly,4
wiliest,1
will,429
willin,1
willing,4
willingly,1
willow,1
win,22
wind,33
winder,2
window,34
wine,4
wing,6
winged,2
wink,1
winnings,1
winter,18
winter-green,1
wintry,3
wipe,6
wire,2
wisdom,3
wise,8
wiseacre,1
wiser,2
wisest,2
wish,70
wishin,1
wistful,5
wistfully,6
wit,8
witchcraft,1
with,906
withal,1
withdraw,2
withhold,1
within,6
without,54
witness,1
witty,1
woe,3
wolf,1
woman,81
womanly,3
womenfolk,1
wonder,39
wonder-struck,1
wonderful,9
wonderfully,2
wonderingly,3
wonderment,1
wont,2
woo,1
wood,12
wood-chopper,1
wood-shed,1
wood-sled,1
wooden,2
woodland,1
woollen,1
word,96
work,90
worker,2
world,38
worldly,1
worm,1
worn,3
worn-out,2
worried,3
worry,12
worryment,1
worse,14
worship,1
worshipper,1
worst,3
worth,11
worthier,1
worthy,5
would,318
wound,20
wounded,1
wrap,8
wrapper,3
wrapt,1
wrastle,1
wrath,2
wrathfully,2
wreath,2
wreck,4
wrench,1
wretched,2
wriggle,1
wring,2
wrinkle,3
wrinkled,1
wrist,1
write,27
writer,1
writing,2
writings,1
wrong,15
wudshed,1
wurry,1
wurryin,1
wus,1
wuss,1
wust,3
wuth,1
wuz,1
y,1
yankee,1
yard,1
yarn,2
yawn,2
ye,11
year,63
yearly,1
yearn,3
yell,2
yellin,1
yellow,4
yeou,32
yer,6
yersel,1
yes,48
yesterday,5
yet,75
yield,8
yoke,1
yonder,2
you,1126
young,106
younger,3
youngest,1
yours,9
yourself,17
yourselve,1
youth,11
youthful,3
ze,2
zeal,2
zest,1
zytomar,1
ŕ,1
