,draculafirst.xml
,1
!,721
&,17
',354
'',1301
'd,1
's,624
",",12852
-,1067
--,243
-lrb-,29
-rrb-,29
.,8036
...,82
1,17
10,6
10:18,1
10:30,2
11,8
11:40,1
12,7
12:30,1
12:45,1
12th,1
13,4
"13,000",1
14,3
15,4
16,5
17,13
1777,1
17th,1
18,9
1854,1
1897,1
19,7
197,1
1st,1
2,13
20,6
21,2
22,4
23,3
24,11
24TH,1
25,13
26,6
27,5
28,6
29,10
"29,1873",1
2:35,1
3,10
3-4,1
30,14
31,4
33,1
347,1
3:34,1
4,13
47th,1
4:30,1
5,12
50,1
59,1
6,8
6:25,1
6:30,2
6:46,1
7,7
70,1
7:30,1
8,6
8:35,1
9,5
9:30,1
9d,1
:,13
;,15
?,489
???,1
ABRAHAM,2
AGATHA,1
AMSTERDAM,3
ANOTHER,1
ANTWERP,1
ARTHUR,7
Abb,1
Abraham,2
Acherontia,1
Action,1
Adelphi,1
Admiralty,1
Aerated,1
Africa,1
Agatha,4
Agust,1
Albemarle,1
Alley,1
Almanac,1
Almighty,5
America,2
American,2
Amra,1
Amsterdam,9
Andersen,1
Andres,2
Andrew,1
Angel,3
Angels,1
April,1
Arch,1
Archimedes,1
Archipelago,1
Arlington,1
Arminius,2
Army,2
Arpad,1
Arsk,1
Art,23
Arthur,134
Asia,1
Atropos,1
Attila,2
Aud,1
August,29
Aust,2
Avar,1
Ay,1
Aye,1
B.,2
BERKELEY,1
BILLINGTON,3
BLOOFER,1
BUDA-PESTH,1
BY,3
Backsheesh,1
Bah,1
Bank,1
Bartel,1
Bay,4
Behold,1
Berkeley,3
Berkely,1
Bermondsey,3
Bersicker,8
Bethnal,2
Big,1
Bilder,5
Billington,3
Billreuth,1
Biscay,1
Bistritz,11
Bistritza,5
Black,8
Blind,1
Bloxam,4
Blue,1
Blyme,1
Board,2
Borgo,11
Bosphorus,2
Boyar,2
Bradshaw,1
Braithwaite,1
Bram,1
Brave,2
Bread,1
British,1
Broads,1
Bucharest,2
Buda,1
Buda-Pesth,4
Bukovina,8
Bulgar,1
Burdon,1
Burger,1
Burial,1
Byron,1
CANDY,2
CARE,1
CARFAX,1
CARTER,3
CHAPTER,2
CHILD,1
CO.,3
CONSUL,1
CUTTING,1
Caffyn,1
Campaign,1
Canon,1
Cape,2
Captain,4
Carfax,21
Carpathian,1
Carpathians,7
Carter,1
Casabianca,1
Casino,1
Cassova,1
Castle,8
Castle.She,1
Catherine,16
Cattle,1
Channel,1
Chaplain,1
Charcot,2
Charing,1
Chatham,1
Chermosese,1
Chicksand,1
China,2
Christian,1
Church,5
Circus,1
City,1
Cliff,11
Co.,1
Come.Won,1
Company,2
Conquistadores,1
Constitutional,1
Consul,5
Consulate,1
Cor,1
Corcoran,1
Cort,1
Count,26
Court,6
Coutts,1
Crescent,5
Crew,2
Cross,5
Crucifix,1
Cszeks,2
Customs,1
Czarina,17
D.,4
DEMETER,1
DIARY,8
DIARY-CONT,1
DIARY-cont,1
DIRECTED,1
DPh,1
DR.,41
DRACULA,2
Dacians,1
Daily,1
Danes,1
Danube,9
Dardanelles,5
Day,2
Dead,1
Dear,6
Death,4
Deil,3
Deme,1
Demeter,2
Denn,1
Derby,1
Desdemona,1
Devil,3
Directory,1
Disraeli,1
Doctor,1
Donelson,2
Doolittle,2
Dos,1
Doubtless,1
Dover,2
Dr.,125
Dr.Seward,4
Dr.Van,2
Drac,2
Dracula,31
Draculas,1
Dress,1
Dudding,1
Dun,1
Durham,1
Dutchman,2
Dutchmen,1
ESCAPE,1
ETC,4
EXTRA,1
East,16
Eastern,1
Edward,1
Ellen,1
Elliot,1
Emma,1
End,6
England,10
English,12
Englishman,1
Enoch,3
Esk,1
Europe,2
Euthanasia,1
Evening,1
Eversfield,1
Evil,1
Exeter,16
Express,1
F.,2
F.Billington,1
FINIS,1
FROM,2
Face,1
Farewell,1
Farley,1
Father,2
Faugh,2
Fenchurch,2
Finis,1
Finland,1
Floridas,1
Foreland,1
Forgive,1
Forgiven,1
Fort,1
France,2
Friday,1
Fundu,4
GAZETTE,4
GODALMING,2
Gabriel,1
Galatz,17
Galatz.We,1
Gardens,2
Gazette,4
Geordie,2
George,3
German,1
Germany,2
Gibraltar,1
God,173
God.Only,1
Godal,3
Godalming,79
Golden,2
Goodby,1
Goodbye,11
Goodnight,1
Goods,1
Gott,4
Great,4
Greece,1
Greeks,1
Green,5
Greenland,3
Guard,1
Guide,2
Guil,1
Gulf,1
H.,2
HAMPSTEAD,2
HARKER,38
HELSING,16
HENNESSEY,1
HOLMOOD,1
HOLMWOOD,5
HON.,3
HORROR,1
HOSPITAL,1
HOTEL,1
Haarlem,2
Hamburg,1
Hamlet,2
Hamp,1
Hampstead,5
Hampton,1
Hans,1
Hapgood,1
Hapsburgs,1
Har,1
Harbour,1
Hardy,1
Hark,3
Harker,115
Harkers,2
Harris,1
Harwich,1
Hawkins,23
Heath,6
Heaven,1
Hebrew,1
Hel,8
Hell,2
Helsing,295
Henceforth,2
Hennessey,2
Herewith,1
Hermanstadt,1
Herr,6
Herren,1
Hildesheim,4
Hill,8
Hilling,1
Hillingham,7
Hilllingham,1
Himmel,1
Ho,3
Holland,1
Holm,1
Holmwood,10
Hon.,1
Honfog,1
Honorable,1
Hood,4
Horror,1
Hospadars,1
Hospital,1
Host,2
Hotel,5
House,1
Hull,1
Hun,1
Hungary,1
Huns,3
Husband,1
Hyde,1
I,6184
I.,2
INTERVIEW,1
INTERVIEWER,1
Iceland,1
Ignotum,1
Immanuel,2
Incorporated,2
India,2
Inn.There,1
Instinc,1
International,1
Into,2
J.,1
JOHN,2
JOHNATHAN,1
JONATHAN,12
JOSEPH,1
JOURNAL,27
Jack,16
Jamaica,1
Jamrach,1
Japanese,1
Jerusalem,1
John,74
Jon,3
Jona,13
Jonathan,172
Joseph,2
Journal,4
Joy,1
Judas,1
Judgement,2
July,21
June,10
Junior,1
Keeper,1
Kensington,1
Kettle,1
Kettleness,3
King,13
Kingdom,1
Kingstead,1
Klausenburg,1
Klausenburgh,1
Klopstock,1
Kodak,1
Korea,1
Korkrans,1
Krone,1
Kukri,5
L.,1
LEFT,2
LETTER,2
LLOYD,1
LONDON,6
LORD,2
LUCY,12
Lake,1
Land,4
Lane,1
Laugh,4
Launceston,1
Law,3
Leeds,1
Lenore,1
Lethe,1
Leutner,1
LiT,1
Lidder,1
Life,4
Lighthouse,1
Lincoln,1
Lists,1
Lively,1
Liverpool,2
Lloyd,3
Lombard,1
Lombroso,1
Lon,1
Lond,1
London,59
Lor,3
Lord,72
Lowery,1
Lucy,284
Lucy.They,1
Lucy.Tonight,1
M,1
M.,5
MALL,2
MARY,1
MD,3
MEMORANDUM,2
MESSRS.,3
MINA,29
MISS,3
MITCHELL,2
MORRIS,2
MRCSLK,1
MRS.,4
MURRAY,10
MYSTERY,1
Mackenzie,2
Madam,90
Madame,2
Magyar,3
Magyars,3
Malvolio,1
Mamma,1
March,1
Marmion,1
Marquand,1
Marquesas,1
Mary,5
Master,3
Matapan,1
May,25
Mediasch,1
Medusa,1
Mein,2
Mem.,5
Messrs.,1
Methuselah,1
Mile,6
Mill,1
Mina,204
Mind,1
Mine,1
Miss,38
Mitchell,4
Mittel,2
Mohacs,1
Moldavia,1
Mon,1
Moneybag,1
Monroe,1
Moon,1
Morpheus,1
Morris,73
Mother,4
Mr.,94
Mr.Morris,3
Mr.Quincey,1
Mr.Renfield,1
Mrs.,76
Mrs.Harker,2
Mulgrave,2
Munich,1
Murray,3
Nations,1
Nature,5
Navy,1
Nay,19
New,5
News,1
Night,1
Nights,1
Noon,2
Nordau,1
Norfolk,1
North,5
Northern,1
Norway,1
Nota,1
November,12
Novenber,2
Nuremberg,1
OCTOBER,1
OUR,1
October,40
Odessus,1
Officers,1
Old,2
Omme,1
Omnia,1
Ophelia,1
Oracle,1
Orange,1
Ordance,1
Ordog,1
Orient,1
P.,4
P.P.S.,1
P.S.,4
PALL,1
PATERSON,3
PATRICK,1
PHONOGRAPH,1
Paddington,3
Pall,1
Pampas,2
Paris,1
Park,7
Parr,1
Paterson,2
Patrick,1
Paxton,2
Pesth,1
Peter,8
Petrof,1
Petrofsky,1
Piccadilly,21
Piccadilly.I,1
Pier,9
Pincher,1
Place,1
Pokol,1
Pole,1
Poor,23
Poplar,1
Port,1
Poter,1
Poters,1
Potter,2
Pouf,1
President,1
Professor,161
Promise,1
Providence,1
Prund,1
Pruth,3
Purefleet,1
Purfleet,6
QCPI,1
QUINCEY,2
Quatre,1
Quincey,79
Quincy,1
R.,2
REPORT,1
RUFUS,1
Rail,1
Railway,1
Raising,1
Rawlings,1
Recording,1
Red,2
Ren,1
Renfield,44
Riding,1
Rig,1
River,1
Road,2
Robin,3
Romae,1
Roman,1
Romanoffs,1
Romany,1
Rome,1
Rose,1
Roumanians,2
Round,1
Row,1
Royale,1
Rufus,1
Runswick,1
S.F.,1
S.P.C.A.,1
SAMUEL,2
SEPTEMBER,1
SEWARD,48
SEWARDS,1
SISTER,1
SMITH,1
SOLICITORS,1
SOME,1
SOMETHING,1
SON,3
SONS,2
SPECIAL,1
SPOKEN,1
ST.,1
STE,1
Sackville,1
Said,2
Saints,1
Sale,1
Salvation,1
Sam,4
Samuel,1
Sanderson,1
Satan,2
Saturday,1
Saxon,2
Scarborough,1
Scared,1
Schnell,1
Scholomance,2
Scot,1
Scotland,1
Scythia,1
Sea,8
Sent,1
September,57
Sereth,6
Servian,1
Service,1
Sew,1
Seward,72
Shakespeare,2
Sheppard,1
Shipment,1
Shooter,1
Simmons,1
Sir,16
Sirs,4
Sister,4
Skinsky,11
Slav,1
Sleep,1
Slovak,4
Slovaks,13
Smith,1
Smollet,7
Snelling,3
Society,2
Soho,1
Son,3
Sons,5
Sorry,1
South,7
Spencelagh,1
Sphinges,1
Spohr,1
St.,6
St.Joseph,1
St.Mary,1
Staithes,1
Stars,1
Stay,3
Ste.,1
Ste.Mary,1
Steinkoff,1
Stoker,1
Straightway,1
Straits,1
Strasba,1
Straw,1
Street,10
Stripes,1
Sun,1
Sunrise,1
Sunset,1
Super,1
Superintendent,2
Surgeon,1
Sussex,1
Swales,6
Switzerland,2
Szekelys,4
Szgany,11
TELEGRAM,2
Tate,6
Telegraph,1
Terrace,2
Terry,1
Texas,2
Thames,2
The,1
Theatre,1
Them,2
Thomas,7
Thor,2
Though,1
Thud,1
Thursday,1
Time,4
Times,1
Titicaca,1
Todten,1
Tom,1
Tonight,11
Town,2
Trade,2
Transyl,1
Transylvania,13
Traveller,1
Treaty,1
Tropics,1
Turk,6
Turkey,3
Turkeyland,1
Turks,1
Ugly,1
Ugric,1
Un-Dead,24
Union,1
University,1
VAN,16
VARNA,1
VICE,1
Vampire,13
Van,300
Vanderpool,1
Varna,23
Veresti,5
Vice,5
Vienna,1
Ville,2
Vincent,3
Voivode,2
WESTENRA,12
WESTMINSTER,2
WHITBY,2
WILHELMINA,1
WILLHELMINA,1
WOLF,1
Wafer,4
Wallach,1
Wallachian,1
Wallachs,1
Walworth,6
War,1
Waterloo,1
Wednesday,2
West,8
Westenra,29
Westminster,3
Wet,1
Wharf,2
Whenever,1
Whereat,1
Whereupon,1
Wherever,1
Whit,1
Whitaker,1
Whitby,37
White,3
Wholeman,1
Wilhelmina,2
Will,1
Winchester,3
Windham,1
Witby,1
Wodin,1
Woman,4
Women,1
Woodhouse,1
Woods,2
Yard,1
York,2
Yorkshire,2
Young,2
Yours,9
Zoological,2
`,256
``,1483
a,3277
a-callin,1
a-chaffin,1
a-comin,3
a-gallopin,1
a-gettin,1
a-goin,1
a-huntin,1
a-imitatin,1
a-lookin,1
a-shinin,1
a-talkin,1
a-tearin,1
a.m.,3
aback,1
abaft,2
abandon,3
abasement,1
abate,3
abbey,8
abe,1
abhor,1
abhorred,1
abide,1
ability,1
ablaze,1
able,51
abnormal,1
abnormally,2
aboard,8
aboon,2
aboord,1
aboot,3
about,229
above,18
abreast,3
abroad,5
abroad.the,1
absence,2
absent,2
abso,1
absolute,7
absolutely,12
absolved,1
absorb,5
abstract,1
abut,1
abyss,1
ac,2
acant,1
accentuate,1
accept,22
acceptance,1
access,1
acci,1
accident,9
accidental,1
accomplish,2
accord,7
accordance,3
accordingly,3
account,24
accumulation,2
accuracy,3
accurate,8
accurately,3
accursed,1
accuse,1
accustom,4
accustomed,3
ache,2
achieve,6
acknowledge,2
acquaint,1
acquaintanceship,1
acqueisced,1
acqui,1
acquiesce,4
acquiescence,3
acquire,3
acre,1
acrewk,1
acrid,3
across,28
act,35
acteristic,1
action,25
active,6
acts.arthur,1
actual,4
actually,16
acumen,1
acute,1
acutely,1
ad,10
adamantine,1
adapt,1
add,36
addendum,1
addition,1
additional,2
addle,1
address,15
adduce,2
adequately,1
adher,1
adjacent,1
adjust,2
admirable,1
admire,1
admission,1
admit,8
adopt,2
adornment,1
advance,15
advanced,1
advancement,1
advantage,3
adventure,8
adventure.renfield,1
adventurous,1
advertise,1
advice,1
advisable,1
advise,2
ady,1
aerial,2
af,2
afar,4
afar.in,1
afe,1
afeard,1
afeared,1
affair,21
affec,1
affect,10
affectionate,1
afflict,2
affliction,1
afford,7
affright,1
affront,1
afield,2
afoot,1
afore,8
afraid,41
afresh,3
aft,1
after,206
afternoon,16
afterwards,14
aftest,1
ag,1
again,242
again.i,1
again.indeed,1
again.we,1
against,66
age,23
aged,1
ageeanward,1
agency,2
agent,14
agglomeration,1
aggressive,1
aghast,1
agitate,1
agitation,1
aglow,1
ago,26
agone,1
agonised,2
agonize,3
agonized,2
agonizing,4
agony,8
agree,20
agreement,2
ague.at,1
ah,28
aha,3
ahead,8
ahint,1
aid,21
aim,1
ain,3
ainst,1
air,54
air-bleb,1
airly,1
airt,1
ajar,2
akin,1
al,10
alacrity,2
alarm,8
alarmed,1
alarming,1
alas,21
alchemist,1
alder,1
alert,3
alight,1
alike,1
alive,12
alive.The,1
all,1133
all-embracing,1
all-in-all,1
all.For,1
all.That,1
all.This,1
allay,3
alley,1
alliance,2
allow,10
allowable,1
allusion,1
ally,3
almost,69
aloft,1
alone,77
alone.I,1
alone.the,1
along,54
along-side,1
along.The,1
along.you,1
alongside,1
aloof.i,1
aloud,1
already,59
already.if,1
also,41
alter,1
alternative,2
althegither,1
although,16
altogether,16
alty,1
always,62
amateur,1
amaze,8
amazement,5
amen,1
amenable,2
american,2
americanism,1
amid,4
amidst,2
among,8
amongst,40
amount,9
ample,1
amsterdam.he,1
amuse,4
amy,1
an,1
analogy,2
analyse,1
analysis,1
anatomy,1
ance,1
anceterer,1
anchor,3
anchor.thank,1
ancient,6
and,5876
anemic,4
anent,2
anew.for,1
angel,5
angelic,1
anger,7
angle,4
angrier,1
angrily,4
angry,15
anguish,4
ani,1
animal,15
animate,1
animation,2
animile,4
announce,3
annoying,1
annual,1
ano,1
anot,1
another,88
ans,1
answer,103
ant,2
antagonism,1
ante,1
antherum,1
anticipation,1
antidote,2
antique,1
antly,1
anx,2
anxiety,14
anxious,26
anxious.cannot,1
any,281
anybody,3
anyhow,15
anyone,7
anything,93
anywhere,15
apart,3
apathy,1
aperture,3
apiece,1
apolo,1
apologetically,1
apologise,1
apologize,1
apology,4
appal,5
appalling,3
apparent,5
apparently,2
appeal,4
appealing,2
appealingly,3
appear,20
appearance,7
appease,3
appetite,5
appetites.men,1
apple,2
appliance,1
application,1
apply,2
appoint,1
appositeness,1
appraise,1
appreciate,1
appreciation,1
appreciative,1
apprehend,1
apprehension,2
apprentice,1
approach,9
approval,1
approve,4
apron,1
apropo,1
apt,2
aquiline,4
ar,1
arabian,1
arbitrary,1
arch,2
arched,3
archway,1
ard,3
ardente,1
ardor,1
area,4
arette,1
arf,1
arf-quid,1
argue,8
argue.i,1
argument,4
argumentative,1
argumentativeness,1
argy,1
aright,2
arily,1
arise,4
ark,1
arm,67
armament,2
armed,2
arminius,1
armony,2
armor,1
armour,1
around,49
arouse,7
arran,1
arrange,23
arrangement,6
array,3
arrear,1
arrears,1
arrest,2
arri,1
arrival,11
arrive,44
arrogate,1
arrow,1
arsenal,1
arsk,5
arskin,1
art,4
arter,3
artfully,1
arthur.we,1
arthur.when,1
article,1
articulate,1
artificial,1
as,1574
ascend,7
ascending.suddenly,1
ascertain,5
ash,3
ashamed,4
ashen,3
ashy,1
aside,5
aside.I,1
asinine,1
ask,227
asked.she,1
asleep,47
asleep.i,1
aspect,2
aspen,1
assail,1
assemblage,1
assemble,2
assent,7
assert,4
assiduously,1
assign,1
assimilating,1
assimilation,1
assist,2
assistant,2
assu,1
assume,3
assumption,1
assurance,3
assure,13
astonish,2
astonished,1
astonishing,1
astonishment,6
astral,1
astray,1
asylum,13
at,1078
athan,3
athwart,1
ation,2
atlas,1
atmosphere,3
atom,1
atonement,1
attach,3
attack,18
attack.i,1
attempt,13
atten,2
attend,22
attendant,37
attention,13
atti,1
attic,1
attire,2
attitude,4
attract,7
attractive,1
attribute,3
attuned,1
auction,1
auctioneer,1
aud,2
audibly,1
auditor,1
aught,4
august,1
aurora,1
auspices,1
authentic,1
author,1
authority,3
authorization,1
autopsy,1
autumn,6
avail,3
available,5
avalanche,1
avarice,1
ave,2
avenge,1
avenue,4
average,2
avert,1
avin,1
avoid,13
aw,1
await,4
awake,36
awaken,10
aware,3
away,183
away.it,1
awe,2
awed,1
awestruck,1
awful,30
awfully,1
awhile,7
awkward,2
awkwardly,1
axe,1
ay,3
aye,2
b,1
babby,1
baby,3
baccabox,1
back,265
background,2
backing,1
backsheesh,1
backward,1
bacon,1
bad,32
badinage,1
badly,1
baffle,5
baffled,1
bag,31
bag.it,1
bag.there,1
bagful,1
baggage,1
baggy,1
bairn,1
balan,1
balance,6
balcony,2
baleful,1
ballast,1
ballet,1
balm-bowl,1
ban,1
band,16
bandage,1
bandman,1
baneful,1
banish,1
bank,10
banker,1
banking,2
banquet,2
baptism,3
bar,7
bar-guest,1
barbarian,1
bare,6
bared,1
barely,2
bargaining,1
bark,8
barometrical,1
barrel,1
barren,4
base,3
basely,1
basement,1
basilisk,1
basin,1
basis,1
basket,4
bat,17
batch,3
bath,7
bathe,1
baton,1
batten,1
battle,6
battlements,3
bauble,1
bay,3
baying,1
be,6540
be.all,1
be.and,1
be.so,1
be.the,1
be.to,1
bea,2
beach,1
beacon,1
bead,4
beaky,1
beam,3
bear,40
bear.i,1
bearable,1
beard,3
bearing,6
beast,8
beat,32
beating,4
beau,1
beaut,1
beautiful,29
beautifully,2
beauty,17
beauty.before,1
because,50
beckon,4
become,78
bed,89
bed.all,1
bedroom,5
bedside,5
bee,2
beech,1
beef,1
beer,3
beetle,2
befall,2
befool,1
before,264
before.godalming,1
before.he,1
beforehand,2
befriend,2
beg,3
beggar,2
begin,181
beginnin,1
beginning,6
begun.only,1
behalf,2
behave,2
behind,51
bein,2
being,2
being.how,1
belderin,1
belie,1
belief,20
belief.indeed,1
believe,81
bell,12
bellow,1
belly,2
belly-timber,1
belong,5
belongings,2
beloved,7
below,22
belp,1
belt,6
bench,2
bend,5
bene,2
beneath,3
beneficent,1
beneficial,1
beneficient,1
benefit,1
benign,1
benignly,1
bent,26
ber,1
bered,1
berk-body,1
berserker,2
bersicker,1
beseech,1
beset,5
beside,34
besides,14
best,50
best.our,1
bestow,1
bestrew,1
bet,1
bethink,2
betray,9
better,77
between,68
beware,1
bewil,1
bewild,1
bewilder,1
bewildered,4
beyond,24
beyont,1
bicyclist,1
bid,7
bidding,4
bier,1
bier-bank,1
big,44
bigamist,1
bigger,1
bilder,1
billow,1
bind,13
binding,1
bing,1
birch,1
bird,11
birth,1
birthday,1
bis,1
biscuit,1
bishop,1
bistritza,1
bit,20
bite,6
bitter,21
bitterly,1
bitterness,1
bizarre,1
black,27
blackest,1
blackness,3
blacksmith,1
blade,3
blame,3
blandly,1
blank,7
blanket,3
blast,4
blawin,1
blaze,10
ble,1
bleat,1
bleating,1
bleed,7
bleeding,1
bless,27
blessed,1
blessing,7
blest,1
blind,20
blindfold,2
blinding,1
blink,2
blissful,1
bloated,5
bloke,1
bloo,1
blood,111
blood-stained,1
bloodless,1
bloody,5
bloofer,6
bloom,6
bloomin,8
blossom,2
blot,7
blotch,1
blow,26
blowfly,2
blowin,1
blowing,1
bloxam,1
blue,14
bluff,1
blunt-clawed,1
blurt,1
blush,8
board,19
boast,1
boat,27
boatman,1
bob,1
body,60
body-snatcher,1
bog,2
bogle,1
boh-ghost,1
boil,1
boiler,1
bold,3
bolder,1
boldly,3
bolt,16
bond,1
bone,10
book,41
boom,1
booming,2
boon,3
boot,4
booze,2
border,1
borealis,1
borrow,1
bosom,5
botany,1
both,85
both.The,1
bother,2
bottle,7
bottom,3
boudoir,2
bough,2
boulder,2
bound,2
bountiful,1
bour,1
bout,1
bow,28
bowie,3
box,112
boxful,1
boxseat,1
boy,17
boyar,2
brace,4
bracket,1
brain,60
brance,1
branch,6
brandy,10
brass,2
brave,31
bravely,4
braver,1
bravery,2
bravest,1
braw,1
breadth,1
break,66
breakable,1
breakfast,25
breakneck,1
breast,21
breast.it,1
breath,23
breathe,13
breathing,18
breathless,3
breathlessly,2
breed,4
breeze,4
brethren,1
bribery,1
bride,4
bridge,6
brief,1
briefly,1
brigand,1
bright,24
brighten,6
brighter,1
brightest,1
brightly,4
brill,2
brilliant,3
brilliantly,1
bring,82
bringin,1
briskly,1
bristle,2
british,3
broach,1
broad,11
broaden,2
broke,1
broken,19
broken.however,1
brood,1
brooding,4
brook,1
brooked.he,1
brool,1
brother,4
brother-professional,1
brow,11
brown,5
bruise,1
bruised,1
brush,5
brushing,1
brusquely,1
brutally,2
brute,9
bubble,1
buckle,2
budget,1
buffet,4
build,7
builder,1
building,7
bulge,1
bulky,2
bull,1
bullet,3
bully,2
bulwark,1
bump,1
bunch,6
bundle,7
bunk,1
buoy,1
buoyancy,1
burden,5
burgen-strasse,1
burglar,1
burglary,2
burial,4
burly,1
burn,18
burning,2
burnt,2
burst,11
bury,12
bus,1
bush,2
bushy,5
business,20
business-like,1
businesslike,1
bust,1
bustle,1
bustling,1
busus,1
busy,8
but,1062
butcher,3
butchery,1
butt,1
butterfly,1
buy,10
buzz,7
by,502
by-and-by,2
by-road,1
by.canvas,1
bygone,1
byroad,1
byway,1
c,1
cab,5
cabin,2
cabman,1
cabmen,1
cackle,1
caffin,1
cage,5
cal,1
calcu,1
calcula,1
calculate,1
caleche,7
calf,2
call,111
call.when,1
callous,2
cally,1
calm,24
calm.i,1
calmer,2
calmly,6
calmness,2
camera,1
campaign,2
campfire,2
can,485
can.today,1
candle,7
candy,3
canine,4
canniness,1
cannot.in,1
cannot.let,1
canny,1
canter,3
cap,1
capital,2
capstan,1
captain,20
capture,2
car,7
carafe,1
card,2
cardinal,1
care,60
career,1
careful,15
carefully,17
careless,2
caress,1
cargo,5
caricaturist,1
carnal,2
carnate,1
carnival,1
carnivora,1
carpen,1
carr,1
carriage,21
carrier,6
carrion,1
carry,45
cart,17
cart-wheel,1
cartload,1
carve,2
case,79
casement,1
casement.i,1
cash,1
casing,1
cast,4
castle,45
casually,1
casualty,1
cat,16
cat-like,1
catagory,1
catch,36
cath,1
cathedral,2
cattle,1
cau,1
causa,1
cause,60
cause.with,1
caution,5
cautiously,2
cavern,1
caw,2
cease,13
ceaselessly,1
ceasing,1
ced,1
ceed,2
ceive,3
celebrate,1
celerity,1
cell,1
cellar,2
cen,5
census,1
cent,1
centaur,1
center,5
central,1
centrate,1
centre,4
centrifugal,1
centripetal,1
centur,2
century,19
cer,3
cerebral,2
cerebration,2
cerement,1
ceremony,1
cern,1
certain,37
certainly,25
certainty,2
certificate,3
certify,1
certing,1
cessation,1
cessful,1
chafe,1
chaff,1
chaft,1
chagrin,1
chain,11
chained,1
chair,14
chalkily,1
chamber,6
champ,4
champion,1
chance,45
change,60
change.when,1
chap,3
chapel,17
chapel.i,1
chapelle,1
chaplain,1
chaplet,1
chapter,25
char,2
charac,1
character,1
charge,11
charm,3
charming,4
charter-party,1
chase,3
chasm,1
chat,6
chatter,2
che,1
cheap,1
check,7
cheek,21
cheek.oh,1
cheer,12
cheerful,15
cheerfully,7
cheerfully.first,1
cheerfulness,3
cheerfulness.all,1
cheerily,2
cheerless,1
cheery,2
cheery-looking,1
cheese,1
chemical,1
cheque,4
cherry,1
chess,1
chest,9
chew,1
chick,1
chicken,4
chief,2
chiefest,1
chiefly,1
chil,1
child,90
child-brain,5
child.all,1
child.so,1
childish,1
chill,13
chim,1
chimney,2
chin,7
china,1
chink,4
chirp,1
chivalrous,1
chivyin,1
chloral,2
choice,4
choke,8
choky,1
choose,20
chop,1
choppy,1
chopstick,1
chord,1
chorus,2
chronological,2
chruchyard,1
chuck,1
chunk,1
church,14
churchyard,26
churn,1
ciated.it,1
cicatrise,1
cidal,1
cide,2
cifix,1
cig,1
cigar,5
cike,1
cination,1
cious,1
cir,1
circle,15
circular,1
circum,2
circumstance,9
circumstances.indeed,1
cise,1
city,5
civilian,1
civility,1
civilly,1
claim,8
clammy,1
clamp,3
clang,2
clanging,1
clanking,1
clap,1
clarion,1
clasp,7
class,7
classification,1
classify,1
clatter,1
claw,1
clay,3
clean,7
cleanse,1
clear,24
clearin,1
clearly,3
cleave,1
cleft,1
cleg,1
clerk,5
clever,17
cleverest,1
click,2
client,5
cliff,15
cliff-path,1
climb,5
cling,8
clinging,1
clo,1
cloak,2
clock,12
clog,1
close,121
closed,2
closely,4
closely.not,1
closer,12
closing,1
clot,1
cloth,1
clothe,3
clothes,14
clothing,1
cloud,32
cloudiness,1
cloudy,1
clude,1
clue,22
clump,3
clumsiness,1
clumsy,2
clung,1
clusion,1
cluster,3
clutch,7
coach,12
coachman,3
coal,3
coal-black,1
coarse,1
coast,5
coastguard,10
coat,11
coax,1
cobble,1
cock,2
cock-crow,1
cockcrow,1
coeval,1
cof,1
coffee,3
coffin,39
coffin-home,1
coffin.arthur,1
coffine,1
coherent,1
coherently,1
coil,1
coin,1
coincidence,1
cold,43
cold-bloodedness,1
colder,3
collapse,4
collar,2
collect,1
collus,1
colony,1
color,15
colossal,1
colour,8
column,2
com,5
coma,1
comatose,1
comb,1
combination,4
combination.friend,1
come,793
comedy,1
comer,1
comfort,38
comfortable,6
comfortably,1
comforting,5
comic,1
comically,1
comin,5
coming,1
comm,1
command,18
commanding,1
commence,2
comment,2
commercial,1
commit,2
committee,1
common,22
commonly,1
commun,1
communicate,3
communication,1
communicative,1
community,1
compact,1
companion,12
companionway,1
company,3
comparative,2
comparatively,1
compare,6
compass,1
compel,5
complain,2
complaint,2
complete,21
completed.he,1
completely,2
completest,1
completion,1
complexion,1
compliance,1
complica,1
compliment,1
compose,5
comprehend,3
comprehensive,1
compunction,1
con,17
conceal,4
concealment,6
conceivable,1
conceive,1
concentrate,1
concentrated,1
concentration,3
concern,12
concerned,3
concert,1
concession,1
conclu,2
conclude,1
conclus,1
conclusion,12
concrete,1
concussion,2
cond,2
condemn,1
condescend,2
condi,1
condition,19
condition.he,1
conduct,3
conductor,1
confer,2
confess,3
confide,4
confidence,14
confident,1
confidential,1
confidently,1
confine,5
confines,1
confirm,1
confirmation,2
confuse,1
confused,2
confusion,1
congeal,1
congenitally,1
conjecture,1
conjointly,1
conjunction,1
connect,3
connected,1
connection,4
conquer,2
conqueror,1
consate,2
conscience,4
conscious,11
consciously,1
consciousness,4
consen,1
consent,7
consequence,3
consequent,2
consequently,1
consider,9
considerable,8
considerably,1
considerate,1
consideration,2
consign,3
consignee,1
consignment,3
consolation,3
conspicuously,1
constant,3
constantly,1
consternation,2
constrain,1
constraint,1
consul,3
consult,14
consultation,1
consume,3
consuming,1
cont,1
contact,2
contain,11
contemplate,2
contempt,2
contemptuous,2
contend,1
content,8
contented,4
contents,1
contin,1
contingency,1
contingent,1
continue,17
continuity,1
continuous,2
contortion,1
contract,1
contradict,1
contrary,1
contrast,2
contravention,1
control,6
convenient,1
conveniently,1
conventional,2
conver,1
converge,2
conversation,10
convey,7
conviction,8
convince,6
convulse,2
convulsively,2
cook,3
cool,6
cope,3
copper,1
copy,15
coquetry,1
coquettishly,1
coran,1
cord,3
cordage,1
core,1
cork,1
cormorant,1
corn,7
corner,27
coroner,2
corporeal,2
corpse,6
correct,7
correspondence,1
correspondent,7
corridor,5
corroborate,1
corrupt,1
corruption,2
cortege,1
costliest,1
cotic,1
cottage,1
couch,3
coughed.for,1
could,504
council,2
counsel,6
count,174
countenance,1
counter,1
counteractant,1
countermand,1
countermine,1
counterpane,1
countless,1
country,26
county,1
coup,1
couple,7
courage,17
course,41
court,3
courteous,7
courteously,1
courtesy,5
courtliness,1
courtly,5
courtyard,9
cover,24
coverlet,1
cow,2
cow-boy,1
coward,3
cower,7
cozy,1
crack,11
crackle,1
crackling,1
craft,2
crag,1
crammle,1
crane,1
cranny,3
crant,1
crash,7
crave,1
craving,1
crawl,3
crazy,1
creak,8
creaking,5
creaky,1
crease,1
create,4
creation,2
creature,9
credentials,1
credit,3
creed,1
creep,9
crescent?who,1
crest,2
cret,1
crevice,2
crew,9
cribed,1
cricketing,1
crime,5
criminal,10
crimson,3
cringe,1
cringing,1
crisis,1
crisp,1
critically,1
criticism,1
crony,2
crooked,1
crop,1
cross,34
cross-bone,1
crouc,1
crouch,1
crow,3
crowd,14
crowded,1
crown,3
cru,1
cruci,2
crucifix,16
cruel,4
cruel-looking,1
cruelly,1
cruelty,2
crumb,1
crumble,3
crush,4
crushable,1
crushed,2
crux,1
cry,70
cudgel,1
cular,1
cult,1
culv,1
cum,1
cumbrous,1
cumstance,1
cumulative,1
cunn,1
cunning,10
cup,7
cupboard,1
curate,2
curdling,1
cure,6
curiosity,5
curious,9
curl,2
curly-haired,2
currant,1
currency,1
current,1
curse,7
cursed,1
cursory,1
curtain,3
curtainless,1
curve,5
curved,1
cussin,1
custom,10
customary,1
cut,35
cuttin,1
cutting,1
cy,1
cylin,1
cylinder,5
cypress,1
d,2
dad,1
daffle,1
daily,4
dailygraph,2
dainty,1
dale,1
dalming,1
dam,2
damages,1
dame,1
damn,1
damned,1
damp,3
damply,1
dan,2
dance,5
danger,39
danger!i,1
dangerous,8
dangerous.the,1
dangerously,1
dank,4
danube.they,1
dar,1
dare,34
daresay,4
daring,1
dark,76
dark-haired,1
dark-looking,1
darken,1
darkly,2
darkness,23
darkness.The,1
darl,1
darling,9
darts,1
dash,10
date,9
datum,2
daub,1
daughter,9
dawdle,1
dawn,28
day,220
day.dr,1
daylight,7
daytime,3
daze,5
dazzle,3
de,14
dead,73
deadening,1
deadly,10
deal,27
dealings,1
dear,213
dearest,15
dearly,1
deary,3
death,86
death-sark,1
death.if,1
death.yet,1
deathly,4
deathtrap,1
debased,1
debauch,1
decanter,2
decay,3
decease,1
deceive,13
decent,2
decently,1
decide,13
decision,3
deck,15
deckhouse,1
declare,1
decoction,1
decorum,1
decoy,1
ded,1
deeculous,1
deed,9
deem,5
deep,35
deepen,1
deeper,6
deepest,1
deeply,2
deer,1
defame,1
default,1
defeat,3
defect,1
deference,1
defibrinate,1
deficiency,1
define,1
definite,4
definitely,1
deftly,1
defy,1
degree,5
degree.i,1
deign,2
deil,2
deity,1
delay,21
delegate,1
deliberate,1
deliberately,2
deliberation,1
delicacy,1
delicate,4
delicious,1
delight,4
delighted,1
delightful,3
delirium,1
deliv,1
deliver,6
delivery,2
delusion,1
delusion.i,1
demand,1
demeanor,1
demn,1
demon,4
demoniac,1
demonstrative,1
demoralise,1
demoralised,1
demur,2
demurely,1
den,1
dence,1
denial,1
denly,1
dense,1
dent,4
dently,1
deny,7
depart,4
department,2
departure,1
depend,3
depite,2
depity,1
deplore,1
deposit,3
depressed,1
depression,1
deprive,1
depth,4
depths,2
deputy,1
der,3
derelict,4
derful,3
derogatory,1
des,6
descend,9
descendant,1
descent,1
describe,12
description,6
descriptive,1
desecrate,1
desecration,2
desert,12
deserve,4
design,2
designate,1
desire,14
desolate,4
desolation,3
despair,12
despair.there,1
despairing,3
despairingly,1
despatch,1
desperate,10
desperately,2
despicable,1
despise,2
despite,2
despondently,1
dessay,1
destination,3
destine,1
destiny,2
destroy,27
destruction,4
detail,13
detain,3
detect,2
deter,1
determination,2
determine,17
detrimentally,1
deux,1
develop,2
development,2
deviate,1
device,2
devil,17
devil-begotten,1
devilish,2
devoted,1
devotedly,1
devotion,7
devour,3
devoutly,1
dexterity,1
di,1
diabol,1
diabolic,1
diabolical,5
diabolically,1
diagnose,1
diagnosis,1
diagram,1
dialect,1
diamond,2
diary,95
diary-cont,2
dictation,1
dictatorial,1
dictionary,1
dictu,1
did!me,1
die,77
diet,1
diff,2
differ,5
difference,6
different,19
differentiate,1
diffi,1
difficul,1
difficult,7
difficulty,24
diffuse,2
dig,3
digital,1
dignity,4
digression,1
dilapidated,1
dilemma,1
diligence,3
dim,13
diminish,2
diminsh,1
dimly,2
dimness,1
dine,9
dining,13
dinner,32
dint,1
diorama,1
dip,7
dire,1
direc,1
direct,13
direction,10
directly,3
directory,1
direst,1
dirty,3
dirty-white,1
dis,9
disa,2
disagree,1
disagreeable,1
disappear,16
disappear.he,1
disappearance,1
disappointed,2
disappointment,2
disarray,1
disassociate,1
disastrous,1
disbelief,1
disbelieve,1
disc,2
discharge,3
dischord,1
disclose,2
disco,1
discontent,1
discourse,1
discover,10
discover.with,1
discovery,7
discreet,1
discreetly,2
discretion,1
discuss,7
discussion,5
disdain,1
disease,12
disfavour,1
disgorge,1
disguise,3
disgust,2
disgusting,1
dish,3
dishevelled,1
dishonor,5
dishonourable,1
dismay,2
dismiss,1
disobey,1
disorder,2
dispatch,2
dispel,2
dispirited,1
display,5
displeased,1
disposal,5
disposition,6
dissatisfy,1
dissipate,1
dissolution,2
dissolve,1
distance,13
distant,9
distil,1
distinction,2
distinctly,4
distinguish,3
distort,2
distort.aha,1
distorted,2
distract,3
distraction,1
distress,4
distressed,5
distressing,1
distribute,2
distribution,2
district,1
distrust,2
distrust.in,1
distrustful,1
disturb,15
disturbance,4
disturbed,3
disturbed.he,1
disturbing,1
disuse,2
dither,1
dive,2
diver,1
divert,1
divide,2
divination,1
division,1
dizzy,5
do,1104
do.there,1
doctor,34
doctrine,1
document,1
document.nothing,1
doer,1
does.I,1
doesn,1
dog,53
dog-eared,1
dogged,2
doggedly,1
doin,1
doings,4
domed,1
dominance,2
dominant,1
domine,1
don,1
donkey,1
dooal,1
doom,11
door,213
doorway,3
dose,1
dot,2
double,12
doubly,1
doubt,50
doubtful,2
doubting,2
doubtless,14
dough,1
dow,4
down,253
down.She,1
down.it,1
down.perhaps,1
downcast,1
downhill,1
downstairs,7
downward,6
downwards,1
dowp,1
doze,5
dozen,3
dozing.in,1
dozzen,1
dr,3
dr.seward,2
drag,7
drain,3
draught,5
draw,76
drawer,2
draweth,1
drawing,4
dray,1
dread,30
dreaded,2
dreadful,20
dreadfully,2
dream,50
dream.can,1
dreamily,1
dreaminess,1
dreams.well,1
dreamy,3
dreary,3
dred,1
dren,1
drench,1
dress,25
dressing-gown,2
drew.as,1
drift,12
drink,12
drinkin,1
drinking,1
drip,2
drive,54
driver,31
droop,3
drop,15
drought,1
drouth,1
drown,4
drowse,1
drug,5
drunk,3
druv,1
dry,12
du,1
dual,1
duck,3
due,11
dulgence,1
dull,4
duly,2
duplicate,2
dur,1
durability,1
durance,1
during,21
dusk,3
dust,26
dust-encrusted,1
dust.The,1
dust.the,1
dustiness,1
dusty,6
dutiful,1
duty,41
dwell,1
dweller,1
dyin,1
dynasty,1
e,13
each,84
each.they,1
ead,3
eager,7
eager.i,1
eagerly,4
eagerness,5
eagle,1
ear,42
ear-piercing,1
eard,1
earl,1
earlier,6
earliest,1
early,35
earn,1
earnest,19
earnestly,1
earnestness,1
ears.The,1
earth,50
earth-home,1
earthly,5
earthquake,1
earthy,3
ease,11
easi,1
easier,2
easiest,1
easily,10
east,14
eastern,3
eastward,2
easy,16
eat,40
eatin,1
ebb,2
eccentricity,1
echo,5
economy,1
ecstasy,1
ed,39
eddy,1
edge,31
edges.at,1
edral,1
educate,1
eff,1
efface,1
effect,31
effect.men,1
effect.that,1
effective,1
effort,42
effort.her,1
egg-plant,1
egoism,1
egoist,1
egotist,1
egotistical,1
eight,9
eign,1
either,38
ejacula,1
el,1
elaborate,1
elapse,2
elbow,5
elderly,3
electric,3
electrical,1
electricity,1
element,3
elemental,2
elementary,1
elenche,1
elephant,5
eleven,2
eleventh,1
ell,1
elm,1
eloquent,1
elp,2
else,27
else.he,1
else.these,1
elsewhere,3
elude,1
ely,1
em,2
ema,1
emanate,1
embar,1
embark,1
embarrass,1
embarrassment,1
emblem,1
emblemship,1
embodiment,1
embolden,1
embra,1
embrace,1
embrasure,1
embryo,1
emerald,1
emerge,5
emergency,2
eminence,1
eminently,1
emo,1
emotion,10
emotion.after,1
emotional,3
emphasize,1
emphatic,1
empiric,1
empirically,2
employ,3
employer,4
employment,1
empower,1
emptiness,2
empty,28
en,8
enable,3
encamp,1
ence,4
enclose,6
enclosure,1
encompass,2
encounter,2
encourage,4
encouragement,1
encrust,1
end,78
endeavor,2
ending,1
endless,9
endlessly,1
endorse,2
endorsement,1
endurance,1
endure,9
ene,5
enemy,21
energetically,1
energy,14
eneuch,2
enforcement,1
eng,1
engage,10
engender,2
engine,3
english,4
engross,1
engulf,1
enhance,1
enigmatical,1
enigmatically,1
ening,1
enjealous,1
enjoy,9
enjoyment,1
enkeen,1
enlargement,1
enlighten,2
enliven,1
enly,1
enormous,1
enough,59
enra,3
enrich,1
ensure,3
ent,5
entail,1
entente,1
enter,58
enterprise,2
entertainment,1
enthusiasm,1
enthusiastically,1
entire,4
entirely,9
entit,1
entity,1
entrance,7
entreat,2
entreaty,2
entrust,1
entry,13
enve,1
envelop,2
envelope,13
environment,1
eous,1
episode,2
equal,9
equality,1
equally,2
equilibrium,1
equip,3
equipment,2
er,4
erably,1
eral,2
erate,1
ercise,1
ere,22
erect,2
erialise,1
erin,1
ering,1
erness,1
err,2
errand,1
errant,1
error,3
ers,1
ery,1
escapade,1
escape,33
escence,1
esistibly,1
esk,3
especi,1
especial,1
especially,8
esqueness,1
ess,1
essay,1
essence,3
est,3
establishment,1
estate,6
esteem,2
estimate,1
etc.,4
eter,1
eternal,2
eternity,2
etiquette,2
etymology,1
europe,1
european,1
euthanasia,1
ev,2
eve,2
even,241
evening,30
event,10
eventually,1
ever,128
ever-growing,1
ever-lasting,1
ever-loving,1
ever-widening,1
ever.i,1
ever.that,1
every,87
everybody,3
everybody.if,1
everyone,2
everything,37
everywhere,4
evi,3
evidence,14
evident,17
evidently,49
evil,25
evolution,1
ex,13
exact,9
exacting,1
exactly,15
exactness,1
exalt,1
examina,1
examination,8
examine,20
example,3
exceed,3
excellant,1
excellent,13
excellently,1
except,38
exception,1
exceptional,2
excess,1
excessive,1
exchange,1
excitable,2
excite,10
excited,3
excitement,14
exciting,2
exclam,1
exclamation,3
exclu,1
exclusive,1
excoose,2
excuse,9
executor,1
exer,1
exercise,2
exert,3
exertion,3
exhale,1
exhaust,8
exhaustion,2
exhibit,1
exigency,1
exist,4
existence,7
existent,2
exit,3
exodus,1
expanse,3
expect,41
expectation,5
expected,1
expected.A,1
expected.we,1
expedition,3
expel,1
exper,1
experience,41
experienced,1
experiment,3
experimental,1
experimentally,1
experus,1
explain,15
explanation,3
explicit,1
explore,4
expose,4
expostulate,1
express,6
expression,11
expressive,1
exquisite,1
exquisitely,1
extend,2
extent,2
external,1
extra,1
extraordinary,8
extravagant,2
extreme,2
extremely,1
exult,1
exultantly,1
exultation,1
ey,3
eye,206
eye.after,1
eyebrow,7
eyed,1
eyelash,1
eyelid,5
eyes.i,1
eyesight,1
eyeteeth,1
f,2
f-fail,1
fable,1
fabric,1
fabulous,1
fac,1
face,214
"face,blood-stained",1
facility,1
fact,45
facto,1
factor,1
faculty,6
fade,4
fading,4
fads.i,1
fail,23
failure,1
fain,2
faint,18
faint.I,1
fainter,2
fainting,1
faintly,2
fair,23
fair-haired,1
fair-sized,1
fairly,6
faith,13
faithful,8
faithfully,3
fakir,2
fal,1
fall,121
false,2
falter,4
familiar,1
family,3
famine,1
famish,1
fancy,16
far,93
far-away,3
farewell,3
farmer,1
farmhouse,3
farther,1
farthest,2
fas,1
fascinating,2
fascination,3
fash,2
fashion,13
fashion.then,1
fashionable,1
fast,19
fasten,15
fastening,1
faster,2
fasting,1
fastness,1
fat,3
fatal,6
fatality,1
fate,6
fateful,1
father,22
father-heart,1
father.goodbye,1
fatherland,1
fathom,1
fatigue,1
fatten,1
fault,2
favor,4
favorable,1
favorite,6
favour,4
fawn,2
fax,1
fear,184
fear-meaning,1
fear.i,1
fear.it,1
fearful,13
fearfully,1
fearless,1
feat,1
feather,2
feature,4
feeble,4
feebly,1
feed,12
feedin,1
feel,180
feeling,32
feet-folk,1
feller,1
fellow,58
fer,1
ference,1
ferrier,1
fervor,2
fervour,1
fessor,10
festly,1
fetch,3
fever,8
feverish,1
few,84
fewer,2
fez,1
fiance,1
fiancee,1
ficance,1
ficial,1
fidence,2
fie,1
field,6
fiend,3
fierce,16
fiercely,2
fierceness,1
fiercer,1
fifteen,1
fifty,8
fig,1
fight,27
fightin,1
fighting,1
figure,34
file,3
fill,15
film,1
filthy,1
fin,1
final,4
finality,1
finally,20
finance,1
find,270
fine,21
finger,24
fingers.he,1
fingers.i,1
finish,26
finite,2
fir,1
fire,44
firefly,1
firelight,1
fireplace,4
firewood,1
firing,1
firm,8
firmly,3
first,134
firstly,1
fish,3
fish-market,1
fisherman,2
fishing,7
fissure,1
fit,16
fitfully,1
fitter,1
fitting,1
five,20
fix,27
fixed,5
fixedly,4
fixin,1
flag,5
flagboat,1
flagging,1
flake,2
flame,29
flange,4
flannel,1
flap,12
flapp,1
flare,1
flash,7
flask,1
flat,3
flatter,1
flee,7
fleet,1
fleeting,1
flesh,14
flick,3
flicker,6
flinch,3
flinch.even,1
fling,8
flirt,1
flit,5
float,6
flock,1
flog,1
flood,6
flooding,1
floor,22
floor.the,1
flour,1
flourish,4
flow,4
flower,28
fluence,1
fluffy,1
flurry,3
flush,5
flutter,1
fly,56
fly-catching,1
foam,5
focus,1
focuss,1
foe,3
fog,25
fog.he,1
foiled,1
fol,1
fold,8
folding,1
foliage,1
folk,6
follow,79
follower,1
following,1
folly,4
fond,3
fondly,1
food,13
fool,8
fool-talk,2
foolhard,1
foolish,3
foot,56
footstep,5
for,1521
forbid,6
force,31
forceful,2
forcemeat,1
forcibly,3
fore,15
fore-stalling,1
forego,1
forehead,30
foreign,8
foreigner,3
foreknowledge,1
foreman,2
foremost,1
forenoon,1
foresee,1
foresight,1
forest,4
forestall,1
forethought,1
foretold,1
forever,5
forget,44
forget.one,1
forgetful,1
forgit,1
forgive,24
fork,1
form,38
formal,4
formality,3
formation,1
former,8
formerly,1
fort,1
fortable,2
forth,9
forthwith,1
fortify,1
fortitude,1
fortunately,9
fortune,6
forward,30
forwards,1
foul,15
foul-mouthed,1
fouler,1
foulness,1
found,1
fountain,1
four,27
four-in-hand,1
four-wheeler,1
fourth,4
fox,5
fracture,1
frae,2
fragment,2
frame,1
framework,1
fran,1
frank,2
frankly,8
frantic,2
frantically,1
fray,1
free,37
free.instead,1
freedom,12
freely,11
freely.go,1
freer,3
freeze,1
freight,1
french,1
frenchmen,1
frenzied,2
frequent,4
frequented,1
frequently,1
fresco,1
fresh,24
freshen,1
fresher,1
freshly,1
fret,8
friend,225
friendly,2
friendship,4
fright,6
fright.i,1
frighten,16
frightened,7
frightful,3
frisk,2
fro,5
frock,2
from,616
front,21
frontier,7
frown,6
fruit,1
frustrate,3
ful,6
fulcrum,2
fulfil,1
fulfillment,1
fulfilment,1
full,86
full-blown,1
full-grown,1
fuller,1
fully,16
fulness,1
fumble,3
fume,1
fun,2
funct,1
functional,1
fundu,1
funeral,11
funny,7
funny.some,1
fur,6
furious,2
furiously,1
furnace,3
furnish,1
furniture,3
further,33
furtherer,1
furthest,1
furtively,1
fury,11
furze,1
fuse,2
fust,2
future,8
gable,1
gaiety,5
gaily,1
gain,10
gal,1
gala,1
gale,1
gallant,3
galley,1
gallop,2
gambolling,1
game,7
gan,1
gang,1
gang.my,1
gangplank,2
gangrene,1
gaol,1
gap,4
gar,2
garb,1
gard,2
garden,3
garding,2
garland,1
garlic,20
garment,2
gas,5
gash,1
gaslight,2
gasp,6
gasping,1
gasps.each,1
gat,1
gate,12
gatekeeper,1
gateway,3
gather,22
gathering,2
gaunt,1
gawm,1
gay,4
gaze,4
gazette,1
gear,1
ged,2
general,14
generally,8
generate,1
generation,1
genial,2
geniality,1
genially,1
gent,3
gentle,8
gentleman,14
gentleness,1
gently,17
genuine,1
genuinely,1
geography,1
geologic,1
geology,1
geordie,1
ger,2
german,4
gerous,1
gest,1
gesture,8
get,373
getful,1
gether,1
getic,1
ghastly,16
ghoorka,1
ghost,3
ghost-like,1
ghostly,7
giant,3
gibral,1
gift,3
gifted,1
ginning,4
gipsy,3
girl,41
girl.he,1
git,1
giv,1
give,195
giveth,1
gla,1
glad,34
glad.if,1
gladden,2
gladder,1
gladly,4
gladness,8
gladsome,1
glance,10
glare,3
glass,31
glassiness,1
glassy,2
gle,1
gleam,11
gleaming,2
glean,1
glee,1
glimmer,1
glimpse,7
glint,1
glish,1
glisten,1
glitter,2
glittering,1
gloat,1
gloating.there,1
globe,1
gloom,15
gloom-haunted,1
gloomy,1
glorious,3
glory,4
glove,1
glow,3
gnarl,1
gnawing,1
go,731
god,3
godalm,1
gog,2
going,1
goitre,1
gold,13
golden,4
gone.we,1
good,220
good-bye,2
good-sized,3
goodby,1
goodbye,6
goodly,1
goodness,7
goodnight,5
goods,8
gorge,4
gossip,2
gotza,1
gout,3
government,1
gown,3
grab,2
grace,5
graceful,1
gracefulness,1
gradually,5
grain,1
grammar,1
grand,2
grandeur,2
grandfather,1
grandly,1
granite,1
grano,1
grant,4
grapple,1
grasp,8
grass,7
grassy,1
grateful,11
grateful.you,1
gratefully,2
grating,1
gratitude,2
grave,40
gravedigger,1
gravel,2
gravely,17
gravely.so,1
graves.The,1
graves.yesterday,1
graveyard,3
gravity,2
gray,13
great,178
greater,14
greatest,3
greatly,9
gree,2
greek,1
green,15
greenish,1
greenish-yellow,1
greet,3
grey,9
greyness,1
grief,11
grieve,5
grievously,1
grim,24
grim-looking,1
grimace,1
grimly,2
grimmer,1
grin,2
grind,4
grip,6
grisly,2
grit,2
groan,10
grog,1
groom,1
groove,2
grope,1
grotesque,2
ground,36
groundless,1
grounds,6
group,7
grow,106
growl,3
growth,3
grubby-faced,1
gruesome,3
grumble,1
grump-like,1
guarantee,1
guard,22
guardian,1
guess,23
guest,4
guid,1
guidance,3
guide,8
guilt,3
gulp,2
gum,7
gun,5
gunwale,1
gurgle,2
gurp,1
gush,1
gusto,1
guv,6
gypsy,10
ha,2
ha-ha,1
habit,23
habitable,1
habitation,2
haemorrhage,1
hafflin,1
haggard,5
hail,2
hair,25
hairbreadth,1
hale,1
half,53
half-bred,1
half-dozen,1
half-dreaming,1
half-obliterated,1
half-past,4
half-reclining,2
half-remembered,1
half-sovereign,2
half-whisper,1
hall,32
halluci,1
halt,2
halted,1
ham,1
hammer,8
hammer.the,1
hammering,1
hand,335
hand.a,1
handful,4
handkerchief,3
handle,6
handshake,1
handsome,2
handspike,2
handy,1
hang,11
hanging,1
hansom,1
hap,3
happ,1
happen,43
happen.I,1
happi,2
happier,3
happiest,2
happily,2
happiness,12
happy,47
happy-looking,1
har,2
harbor,2
harbour,23
hard,49
hard-driven,1
harden,2
harder,4
hardly,26
hark,2
harker,3
harm,22
harmless,3
harn,1
harness,2
harrowing,4
harsh,4
harshly,1
harshness,1
harvest,1
haste,5
hasten,7
hasty,1
hat,16
hatchway,3
hate,15
hateful,1
haughty,1
haunt,3
haunting,2
hav,1
have,2486
havin,1
havoc,1
hawser,1
hay,1
hay-rick,1
hazard,4
hazardous,1
he,4954
head,113
headland,2
headlong,2
headpiece,1
headstone,2
heal,4
healing,1
health,13
healthy,2
heap,6
hear,197
heard.mrs.harker,1
hearing,3
heart,149
heart-broken,1
heart-sick,1
heart.The,1
heart.it,1
heartbreak,1
hearted,4
hearth,2
heartily,2
heartless,1
hearty,6
heat,7
heav,2
heave,4
heaven,7
heavier,1
heavily,9
heavily.she,1
heaviness,1
heaving,1
heavy,52
hed,1
hedge,1
heed,4
heel,1
height,6
heir,1
hell,17
hell-cat,1
hellish,4
helm,6
help,112
helper,3
helpful,1
helpless,9
helplessly,1
helplessness,2
helse,2
hem,1
hence,1
henceforth,3
henceforward,1
hendl,1
her,1
her.ah,1
her.in,1
her.she,1
her.you,1
heraldic,1
herb,1
here,272
hereafter,8
heredity,1
heresy,1
herewith,2
herine,1
hero,1
heroic,1
herr,1
herrin,1
hers,9
herself,30
herself.she,1
hesi,1
hesitancy,1
hesitate,6
hesitatingly,2
hesitation,4
hetman,1
hevening,1
hidden,2
hide,22
hideous,2
hidin,1
hiding,3
hieroglyphical,1
hieve,1
high,38
high-horse,1
higher,3
highest,4
hill,15
hillside,1
hilt,2
him.i,2
him.in,1
him.indeed,1
him.it,1
him.quinc,1
him.that,1
him.when,1
him.with,1
himself,108
himself.I,1
himself.bah,1
hind,1
hinder,3
hinderin,1
hindrance,1
hinfant,1
hinge,4
hint,8
hire,2
hirritate,1
hiss,3
hisself,1
historical,1
history,5
hit,2
hitch,1
hitching,1
hither,1
hitherto,8
ho,2
hoarse,1
hoarsely,6
hoast,1
hob,1
hobble,3
hobby,2
hol,1
hold,136
holdin,1
holding,1
hole,8
holiday,1
holiday-maker,1
holiest,1
holily,1
hollow,8
holy,13
home,76
home-coming,1
home-made,1
home.This,1
home.for,1
home.we,1
homecoming,1
homi,1
homicidal,5
honest,3
honestly,2
honesty,2
honor,14
honour,4
hood,2
hoodwink,1
hoof,1
hope,81
hopeful,1
hopeless,1
hopelessly,1
hor,1
horde,1
horizon,9
horn,2
horr,1
horri,1
horrible,24
horribly,6
horrid,16
horrified,2
horrify,4
horror,34
horrorstruck,1
horse,67
horse-tamer,1
horseman,3
horseshoe,1
hospitable,2
hospital,3
hospitality,3
host,4
hostile,2
hostility,1
hot,9
hotch,1
hotel,6
hotly,2
hour,88
hourly,1
house,147
housebreaker,1
household,5
housekeeper,1
housekeeping,1
hout,1
how,226
however,96
howl,16
howling,17
howling.The,1
hue,2
hug,1
huge,3
hum,1
human,14
humanity,2
humanize,1
humble,5
humbly,1
humor,2
humorous,1
humour,4
hump,1
hun,2
hundred,15
hungarian,5
hunger,2
hungry,4
hunt,11
hunter,3
hunting,2
hup,2
hur,1
hurl,5
hurr,1
hurriedly,4
hurry,28
hurt,11
hus,5
husband,68
husband-heart,1
husbandman,2
husbandry,1
hush,9
huskily,1
hy,1
hyena,1
hypno,1
hypnotic,16
hypnotised,1
hypnotism,4
hypnotize,13
hypodermic,1
hysteric,3
hysterical,4
i,7
i.,3
iage,1
ial,2
iano,1
iant,3
iat,1
iate,1
ibald,1
ible,8
ical,1
ication,1
ice,5
ice-brook,1
ice-cold,1
icelander,1
icient,2
icitor,1
icult,1
iculty,1
icy,1
idea,45
idence,2
identify,1
idin,1
idiotic,2
idle,4
idly,1
idolatrous,2
ie,4
iedly,1
ience,2
ient,1
ier,1
iest,1
iety,1
if,625
iful,1
igent,1
igh,2
ignor,1
ignorance,5
ignorant,3
ignoratio,1
ill,20
ill-spelt,1
illness,10
illsome,1
illumine,1
illusion,1
illustrate,2
ily,2
im,12
imag,1
image,3
imagin,1
imagina,1
imaginable,1
imagination,9
imaginative,1
imagine,11
imagining,1
iment,1
imitate,2
imitation,1
imity,1
immeasurable,1
immed,1
immediate,3
immediately,6
immense,5
immensely,3
immortal,1
immortality,1
immortality.you,1
impalpable,1
impartiality,1
impassiveness,1
impatient,2
impatiently,1
imperative,2
imperceptible,1
imperfect,1
imperfectly,1
imperious,2
imperturbable,1
impetuosity,1
implacable,1
impletata,1
implication,1
implicitly,1
implore,13
imploringly,1
imply,3
import,3
importance,6
important,11
importunate,1
imposs,1
impossibility,2
impossible,11
impotent,1
impregnable,1
impress,2
impressed,2
impression,2
impressiveness,1
imprison,2
improper,1
improve,4
impulse,7
impulsively,4
in,2500
in.they,1
inaccessible,1
inasmuch,1
ination,1
inch,5
incident,5
incision.i,1
incite,1
inclination,1
incline,4
inclined,3
include,2
incoherent,1
incomer,1
incoming,1
increase,7
increased.they,1
incredible,2
incur,2
indeed,44
indefinitely,1
index,2
indexy,1
indian,3
indicate,1
indicative,2
indifferent,2
indignation,1
indirect,1
indirectly,1
individual,4
individually,3
indomitable,1
indraw,1
indrawn,1
induce,1
ineffably,1
inequality,3
inert,1
iness,2
inexpressible,1
infallibly,2
infamy,1
infect,2
infected,1
infer,1
inference,3
infinite,6
infinitely,1
infinitesimal,1
inflict,2
influ,1
influence,6
influence.No,1
infor,2
inform,3
informant,1
information,7
ing,101
ingly,2
ingress,1
inhabit,1
inheritor,1
injection,2
injunction,1
injure,4
injured,4
injuries.there,1
injury,4
ink,1
inky,1
inland,3
inmate,2
inn,4
inner,3
inquest,6
inquietude,1
inquire,3
inquiry,10
inquisition,1
inquisitive,1
insane,2
insanity,2
inscribe,1
insensibility,1
insensibly,1
insensitive,1
insert,1
inside,5
insist,10
insolent,1
inspect,1
inspector,1
inspir,1
inspira,1
inspiration,2
inspire,2
install,1
instance,7
instant,45
instantly,4
instead,11
instigation,1
instinc,2
instinct,9
instinctively,10
instru,1
instruct,2
instruction,8
instrument,4
insurance,1
intact,3
intell,1
intellect,1
intellectual,4
intelligence,1
intelligible,1
inten,2
intend,11
intense,7
intensify,4
intensity,3
intent,12
intention,7
intently,7
inter,3
intercede,1
interest,33
interested,8
interesting,8
interfer,1
interfere,3
interference,3
interminable,1
internal,1
interpret,2
interrogatively,2
interrupt,11
interruption,1
interstice,1
interval,2
intervene,1
interview,4
interviewer,1
intestacy,1
into,281
intolerable,2
intonation,2
intrigue,1
introduc,1
introduce,3
introduction,1
intrude,1
intuition,1
inure,2
invade,2
invader,2
invent,6
inventor,1
inversely,1
investiga,1
investigate,2
investigation,1
invoice,5
involuntarily,2
involuntary,1
inwardly,1
ion,3
ior,1
ious,4
iously,1
ireful,1
irksome,1
iron,18
iron-bound,1
irony,3
irr,1
irresistible,1
irritable,1
is.it,1
isfy,2
island,1
iso,1
isolation,1
isself,5
issue,4
isten,1
istence,1
istic,1
it,2125
it.Even,1
it.If,1
it.The,1
it.Thus,1
it.i,2
it.it,2
it.took,1
it.when,1
itarian,1
item,1
ither,1
itic,1
itively,1
itor,1
its,134
itself,20
itt,1
ittin,3
ity,4
ium,1
ivory,2
ize,1
jackal,2
jacket,1
jag,1
jagged,4
jamb,2
jaw,6
jealous,3
jealousy,1
ject,2
jest,3
jet,1
jewelled,1
job,5
jog,2
joice,1
join,16
joining,1
joint,1
joke,5
jolly,3
jommlin,1
joost,1
jostlin,1
jot,1
jouped,1
journal,20
journalist,1
journey,22
joy,15
joyously,1
jubilant,1
judge,5
judgement,1
judgment,3
jug,1
juggle,1
jugular,1
jump,23
junction,1
junior,2
juniper,2
just,168
justice,1
justified,2
justify,2
jut,1
k,1
kawffee,1
keckle,1
keen,4
keenly,7
keep,177
keeper,6
keepin,1
kem,4
kep,1
ker,1
kerchief,1
kettleness.everything,1
key,56
key.then,1
keyhole,1
kick,2
kid,1
kill,23
killing,1
kin,4
kind,66
kind-hearted,1
kindliest,1
kindly,12
kindness,11
kindred,1
king,2
kink,2
kirkgarth,1
kiss,42
kitchen,4
kitten,8
knee,24
kneel,11
knell,1
knelt,1
knife,24
knight,1
knit,3
knock,21
knocker,1
knot,2
know,590
know.Sleep,1
know.his,1
knowledge,41
known,2
knuckle,1
krok-hooal,1
label,2
labor,4
labour,6
lack,4
lack-luster,1
laconic,2
laconically,3
lad,4
ladder,1
laden,4
lady,45
lag,1
lair,9
lair.armed,1
lake,1
lala,1
lamb,1
lamiter,1
lamp,29
lamplight,2
lan,1
lance-fashion,1
lancet,1
land,42
land.what,1
landing,1
landlady,2
landlord,2
landscape,1
laneway,1
lang,1
language,10
languid,2
languidly,1
languorous,1
lank,1
lantern,8
lanthorn,1
lap,10
lapping,1
lapse,3
larboard,1
larder,1
large,13
largely,1
larger,2
larst,1
lash,5
lass,1
last,143
last.we,1
latch,2
late,60
late.then,1
lately,10
later,73
latest,2
lation,1
latitude,1
latter,18
laudanum,2
laugh,40
laughter,6
launch,9
law,12
lawn,7
lawyer,1
lay,119
laybed,1
lazily,2
laziness,1
le.i,1
lead,34
leaden,7
leader,6
leaf,2
league,4
leak,1
lean,18
leap,14
learn,52
learning,1
least,40
leather,3
leav,1
leave,162
leavin,1
lecture,2
ledge,1
ledger,1
leech,1
leer,1
left,14
leg,2
leg-ironed,1
legal,4
legend,3
legion,1
leisure,1
leisurely,2
leiter,3
leiter-wagon,3
lence,1
lend,1
length,7
lente,1
leper,1
les,1
less,40
lessen,2
lessness,1
lesson,10
lest,38
let,150
lethal,4
lethargic,4
lethargy,5
lett,2
letter,94
level,10
liable,2
liberate,1
liberty,3
library,8
lic,1
licitor,1
lick,6
lid,15
lie,73
lief,1
lieve,1
life,157
life-eating,1
life-giving,1
life-work,1
life.Van,1
life.and,1
life.how,1
lifeblood,1
lift,32
lifting,1
light,125
lighter,1
lighthouse,4
lighting,1
lightly,4
lightning,3
lightning.i,1
lightweight,1
like,288
like.he,1
likely,5
lily,1
limb,3
limit,7
limitation,5
linder,1
line,26
linen,2
ling,4
link,3
lint,1
lion,3
lion-like,1
lip,62
lips.it,1
liquid,1
list,6
listen,17
literally,1
literate,1
litter,2
little,165
live,39
lively,2
livid,2
livin,1
living,14
lizard,3
ll,1
load,2
loaf,1
loafer,1
loathe,3
loathing,2
loathsome,1
loathsomeness,1
local,7
locality,3
locally,2
lock,56
locksmith,3
lodge,1
lofty,3
log,6
logi,1
logic,4
logical,2
logically,1
logy,1
loin,1
loll,1
loneliness,4
lonely,9
long,147
longed,2
longer,17
longest,1
longing,4
look,451
look!Look,1
looked.present,1
lookin,3
lookout,4
loom,1
loop,1
loophole,1
loose,6
loosen,1
lope,1
lor,1
lord,5
lordly,2
lordship,9
lore,1
lose,70
loss,8
lot,18
lotus,1
loud,11
louder,5
loudly,5
lously,1
love,113
love.for,1
love.you,1
loved.and,1
loved.you,1
loveliness,2
lovely,11
lover,10
loving,13
lovingly,3
lovlier,1
low,37
low-spirited,1
lowed,1
lower,17
lowest,1
luck,2
luggage,6
lugubrious,1
lull,1
lumber,1
lumps.To,1
lunatic,25
lunch,17
lung,4
lure,2
lurid,3
lurk,1
lust,1
lute,1
lution,1
ly,20
lyin,1
m-me,1
m.,1
ma,1
ma'am,1
machine,1
mad,29
madam,1
madden,1
madly,3
madman,21
madman.you,1
madness,9
magazine,2
magnetic,1
magnificent,1
magnifico,1
maid,15
maiden,3
mail,1
main,13
maize,1
majority,1
make,405
makin,2
mal,1
malady,2
malestrom,1
malice,2
malign,2
malignant,2
malignity,1
mall,1
malodorous,1
mamaliga,1
man,396
man-that-was,1
man.i,1
manacle,1
manage,6
manageable,1
manea,1
maneater,1
mangled,1
manhood,6
mani,1
mania,5
maniac,3
manifest,10
manifestation,1
manifestly,9
manifold,3
mankind,2
manlike,1
manly,2
manner,32
manners,2
mansion,2
mantle,1
manus,1
manuscript,4
many,102
map,11
marble,2
mare,2
margin,2
marin,1
mariner,1
mark,24
marked,6
marr,1
marriage,4
married,2
marrus,1
marry,17
martyr,1
marvel,1
marvellous,1
mas,2
masel,4
mask,2
masonry,1
masquerade,1
mass,25
massive,5
massively,1
mast,2
master,29
mastiff,1
mat,1
match,9
matchbox,1
mate,26
mater,2
material,6
materialization,1
materialize,1
mation,2
matrimonial,1
matt,1
matter,70
matter-of-fact,1
matter.i,1
mattock,1
mattress,1
mature,1
maw,1
may,389
maybe,7
mayhap,2
me!They,1
me.Poor,2
me.i,4
me.in,1
me.it,1
me.little,1
me.now,1
me.when,1
me.you,1
meager,1
meal,5
mean,73
meaner,2
meaning,7
meaningly,1
means,19
meantime,8
measure,11
meat,2
mechanus,1
med,1
meddle,1
mediaeval,1
medical,3
medicinal,2
medicine,4
medico-jurist,1
medium,3
meekly,1
meekness,1
meet,75
meet.your,1
meeting,12
mein,2
melancholy,1
melt,10
mem,1
member,1
memorandum,6
memories.it,1
memory,29
men,8
menace,1
mend,1
menfolk,1
menial,1
ment,9
mental,8
mentally-accomplished,1
mentary,1
mention,11
merchant,2
merciful,3
mercifully,1
mercy,11
mere,10
merely,6
merge,6
merrily,1
merry,2
message,11
messenger,3
metal,6
metallic,1
metaphor,1
metaphysician,1
method,6
methodicalness,1
mew,2
miasma,1
middle,2
midnight,12
midst,12
might,157
mighty,11
mild,2
mile,5
militate,2
milk,3
miller,1
million,4
min,2
mina.it,1
mination,1
mind,114
mindin,1
mine,29
ming,3
mingle,3
miniature,1
minister,2
minute,55
minutely,1
mirabile,1
miracle,2
miracu,1
mirror,4
mirth,4
mirthless,1
mis,1
misadventure,1
mischief,2
mischievous,1
miscredit,1
mise,4
miserable,8
miserably,1
misery,7
misjudge.and,1
mislead,5
mislike,1
miss,30
missal,2
missing,1
mission,2
missis,1
mist,29
mistake,11
mistaken,2
mistiness,1
mistress,1
mistrust,2
misty,1
mite,1
mix,3
mixed,4
mixture,3
mixup,1
mo,2
moan,9
moat,1
mobile,1
mock,3
mockery,1
mockingly,1
modern,1
modernity,1
modest,1
modesty,2
moff,1
moisten,3
moisture,1
molecule,1
mom,2
moment,115
momentarily,1
momentary,3
momentous,2
mon,2
mondsey,1
money,16
monkey,1
monster,25
monstrous,3
month,8
mony,1
mood,11
moon,16
moonbeam,2
moonlight,27
moonrise,1
moonshine,1
moor,1
moral,2
morbid,1
morbidly,1
more,371
more.godalming,1
moreover,3
morn,3
mornin,3
morning,97
morning.it,1
morphia,2
morrow,3
mortal,9
mortality,1
mortar,3
mortmain,1
mortuary,2
most,76
most.the,1
mostly,2
moth,3
moth-eaten,2
moth.my,1
mother,46
mother.i,1
motion,21
motionless,1
motive,5
motor,2
motto,1
mould,1
mount,3
mountain,21
mountain-top,1
mour,1
mourn,1
mourner,1
mournful,1
mourning,3
mous,1
mouse,1
moustache,6
mouth,37
mouth.To,1
mouth.but,1
move,91
move.I,1
moveable,1
movement,22
mr.billington,2
mr.hawkins,2
mr.marquand,1
mrs.harker,5
mrs.west,1
mrs.westenra,1
ms,1
much,217
much-tried,1
much.I,1
much.our,1
mud,1
muffle,4
mule,1
multiply,1
multitude,3
multus,1
mumble,1
mundane,1
murd,1
murder,9
murmur,5
museum,2
mushroom,1
music,8
musical,1
musket,1
must,439
muster,1
musty,1
mute,1
mutilate,2
mutilation,2
my,1261
myriad,4
mys,3
myself,126
myself.His,1
myself.doctor,1
myster,1
mysterious,6
mysteriously,1
mystery,17
mystify,1
n,1
nail,8
nail-studded,1
nailmark,1
naively,1
naivete,1
naked,2
name,26
nane,1
napkin,1
nar,1
narcotic,4
narration,1
narrative,3
narrow,7
nasty,1
nat,2
nation,4
nationality,3
native,1
natural,7
naturally,10
naturally.she,1
nature,34
nausea,1
nauseous,3
navigate,1
nay,11
near,55
nearer,7
nearest,3
nearly,20
nebulous,1
nece,1
necessarily,1
necessary,24
necessity,3
neck,32
necromancy,1
need,89
needful,3
needless,6
negative,3
neglect,4
neigh,1
neighbor,2
neighborhood,6
neither,14
ner,4
nerve,19
nerves.never,1
nervous,12
nervousness,2
ness,12
ness.but,1
nest,2
nestly,1
net,2
nether,2
nethermost,1
neutral,2
never,126
nevertheless,1
new,71
new-fangled,2
newly,2
news,20
newspaper,4
next,39
ney,1
nice,14
nicely,1
nicest,1
nicht,1
nick,1
nigh,8
night,236
night-dress,1
night-time,1
night.later,1
nightdress,3
nightfall,1
nightingale,2
nightly,1
nightmare,6
nimbleness,1
nine,10
nine-and,1
nineteenth,3
ninety-nine,1
ning,1
no,478
no.,3
no.if,1
nob,1
nobility,1
noble,21
nobleman,2
noblest,1
nobly,2
nobody,2
nocturnal,1
nod,20
noise,8
noisy.about,1
nom,1
non,1
none,44
nonsense,4
noon,19
nor,33
normal,3
normal.She,1
north,6
north.it,1
northeast,1
northern,2
northward,1
northwards,1
northwest,1
nose,17
nose.lucy,1
nosferatu,2
nostril,6
nostrum,1
not,1728
not-improbable,1
not-so-far-off,1
note,36
notebook,5
notepaper,1
nothin,3
nothing,115
nothink,1
notice,56
notice.i,1
noticeable,1
noticing.they,1
notify,1
notwithstanding,2
nought,2
nourishment,1
novice,1
now,399
now-no-wife,1
now.you,1
nowt,2
nudge,1
nui,1
number,20
numbering,1
numbers.the,1
numbness,1
numerous,1
nurse,7
nursemaid,1
nursing,1
nut,3
o,13
o'clock,44
oak,4
oaken,2
oar,2
oath,2
ob,3
obed,2
obedience,6
obedient,3
obeisance,1
obey,6
object,5
object-lesson,1
objection,3
objective,1
obligation,1
oblige,3
obliging,1
obliquity,1
obliterate,1
oblivion,3
oblivious,1
oblong,1
obscene,1
obscure,5
obsequious,1
observant,1
observation,5
observe,4
obstacle,3
obstinacy,1
obstinately,1
obstruct,2
obstruction,1
obtain,2
obviate,1
occa,1
occas,1
occasion,17
occasional,3
occasionally,1
occult,2
occupation,2
occupy,5
occur,19
occurr,1
ocean,2
octagonal,2
octroi,1
octrous,1
odd,19
oddness,1
odium,1
odor,6
odorous,1
odour,2
of,3600
off,149
off.This,1
off.it,1
offence,1
offend,1
offensively,1
offensiveness,1
offer,6
office,11
officer,6
official,7
officially,1
often,18
oh,141
oil,2
old,184
old-fashioned,1
old.There,1
ole,3
oleander,1
olgaren,1
olution,1
ome,3
ominous,1
ominously,1
omit,1
omnipotent,1
on,1062
on.The,1
once,180
once.i,1
once.later,1
one,497
one.he,1
one.i,1
onion,1
onlooker,1
only,279
only.i,1
onrushing,1
onward,1
ook,1
ooman,1
oot,1
op,1
opacity,1
ope,1
open,190
open.The,1
opening,8
openly,2
opera,2
operate,5
operating,1
operation,15
operation.her,1
operator,1
opiate,4
opinion,5
opp,3
oppo,1
opponent,1
oppor,2
opportun,1
opportunity,20
opportunity.at,1
oppose,1
opposite,8
oppress,1
oppression,1
oppressive,3
optical,1
or,460
orange,1
orb,1
orchestra,1
ordain,2
ordeal,3
order,42
orderly,2
ordin,1
ordinarily,1
ordinary,8
ordog,1
orf,1
organ,1
organize,2
oriental,1
origin,1
original,4
originally,2
originate,1
ornament,1
ort,1
orthodox,1
ortunity,2
osite,1
ot,2
other,253
other.this,1
otherwise,6
ou,1
ought,9
ound,1
ours,9
ourselves,21
ourselves.Van,1
ouse,5
oust,1
out,427
out-argue,1
out.he,1
out.i,2
outbreak,1
outburst,3
outcast,1
outcry,1
outer,3
outline,2
outrag,1
outrage,3
outrider,1
outset,1
outside,34
outstretch,1
outward,1
outwardly,1
outwards,2
over,330
over-anxious,2
over-haul,1
over-mastering,1
over-much,1
over-wrought,1
overawe,1
overboard,2
overcast,1
overcoat,1
overcome,7
overhaul,1
overhead,8
overland,1
overlook,1
overmaster,1
overplus,1
overpower,3
overpowering,1
oversleep,1
overspread,2
overtake,3
overwhelm,5
overwhelmed,1
overwhelming,1
overwork,1
overwrought,1
ow,4
owe,5
owing,1
owl,3
owlin,1
owling,2
own,188
owner,10
ownership,1
p.,1
p.m,1
p.m.,4
pabulum,1
pace,5
pacify,1
pack,6
package,1
packed,1
packet,1
pad,1
padded,3
padding,1
pagan,1
page,4
pain,40
pain.shall,1
pained,2
painful,10
painfully,1
paint,5
painter,1
pair,7
pairfectly,1
pairing,2
pajamas,1
pal,1
pale,40
paleness,1
paler,3
pall,5
pallid,2
pallor,11
palm,6
palpitating,1
palsy,1
paltry,1
pane,3
pang,2
panic,4
pant,1
pantherlike,1
pantin,1
paper,25
papers,39
paprika,3
par,1
paragraph,1
parallel,1
paralyse,1
paralysis,1
paralyze,4
paramount,1
paraphernalia,1
parcel,5
parched,1
pardon,12
pare,2
parent,1
parish,1
park,2
paroxysm,4
parrot,1
parry,1
parson,1
part,73
part.is,1
parterage,1
parti,1
partial,1
partially,3
partic,1
particular,7
particulari,2
particularly,2
parting,3
partly,2
partner,3
partus,1
party,14
pass,117
pass.in,1
passage,19
passenger,9
passing,2
passion,12
passionate,1
past,30
paste,1
pat,2
patch,3
path,6
pathetic,1
pathian,3
patho,1
pathos,2
pathway,4
patience,6
patient,57
patiently,3
patriot,2
patrol,2
patrole,1
patronize,1
patronymic,1
patter,1
paucity,1
pause,54
pave,1
pay,12
payment,1
peace,23
peaceful,2
peacefully,1
peak,5
peal,2
pear,1
pearl,2
peasant,10
peasantry,1
peat,1
pect,1
peculiar,8
peculiarity,1
peculiarly,3
ped,2
pedantry,1
peep,1
peer,3
pell-mell,1
pen,6
pencil,2
pendulum,1
penetrate,1
penitent,2
penniless,1
penny,1
pense,2
pent-up,1
people,53
pepper,2
per,4
perambulator,1
perceptible,1
perch,1
perfect,4
perfection,1
perfectly,4
perfeshunal,1
perforce,1
perform,5
performance,1
perfunctory,1
perhaps,49
perience,2
peril,6
peril.as,1
perilous,1
period,6
perish,3
perlite,1
permanence,1
permiss,1
permission,2
permit,5
perpetual,1
perpetually,3
perplexity,2
persistence,1
persistently,1
person,14
personal,11
personally,1
perspective,2
perspiration,2
perturbation,1
perversely,1
pet,11
petal,1
petition,1
petrof,1
petticoat,1
phagous,1
phant,1
phantom,3
pharmacopeia,1
phase,5
phenomenally,1
philosopher,1
philosophically,1
philosophy,4
phine,1
phlegmatic,1
phonetic,1
phonograph,14
phonograph.until,1
phosphorescence,1
phrase,7
physical,8
physically,1
physician,2
physiognomist,1
physiognomy,1
physiology,1
pic,1
piccadilly,1
pick,5
pictur,1
picture,3
picture-gallery,1
picture-wolf,1
picturesque,4
piece,14
pier,14
pierce,3
pierced,1
piercing,1
piercingly,1
pig,1
pile,5
pill,1
pillar,4
pillow,10
pin,2
pin-prick,1
pinch,5
pine,4
pine-clad,1
ping,1
pink,2
pious,1
pipe,1
pique,1
pirate,1
pistol,2
pit,3
pit-pat,1
pitch,2
pitch.there,1
piteous,2
piteously,1
pitiable,1
pitiful,2
pity,26
pityingly,2
place,196
place!i,1
places.the,1
placid,1
placidity.however,1
placidly,2
placing,1
plague,1
plain,4
plaining,1
plainly,2
plaintive,1
plan,20
plane,1
plans.there,1
plant,1
plaster,1
plate,1
platform,1
platform.i,1
play,21
playful,2
playfully,2
playing,1
plea,1
plead,2
pleasant,6
pleasantly,2
pleasantry,2
please,24
please.his,1
pleased,2
pleasing,1
pleasure,16
pledge,5
plenty,5
plete,1
plight,2
ploughshare,1
pluck,2
plug,1
plum,2
plumbing,1
plunge,3
plunging,1
plural,1
ply,1
pm,2
po,1
pocket,13
pocketbook,2
pod,1
poignant,2
point,68
pointed,2
poise,2
poison,5
poke,1
pokol,1
pol,1
pole,4
police,12
policeman,7
polished,1
politely,2
politeness,1
political,2
politics,1
polluted,1
pollution,1
polyandrist,1
polyglot,6
pon,1
pond,1
ponder,3
ponderous,1
pooh-pooh,1
pool,4
poor,167
poorer,1
poorish,1
pop,1
poplar.it,1
popular,1
population,1
porch,2
pore,1
porridge,1
port,18
porter,1
portion,5
portmanteau,2
pos,1
posal,1
pose,7
poser,1
position,10
positive,2
positively,9
poss,1
possess,1
possession,7
possibil,1
possibility,6
possible,30
possibly,12
post,19
post-dated,1
post-mortem,2
postman,1
postponement,1
posture,2
posure,1
pot,4
potency,1
potent,1
pou,1
pouch,1
pouf,1
pound,5
pour,8
pourparler,1
powdery,1
power,57
power.they,1
powerful,3
powerfully,2
powerless,3
ppear,1
ppointment,1
practical,3
practically,1
practice,6
practitioner,1
prairie,1
praise,4
pray,25
prayer,5
pre,12
pre-destinate,1
preachin,1
precaution,2
precede,5
precedent,1
preceed,1
precious,11
preciously,1
precipice,5
precision,1
predecease,1
predestinate,1
predominate,1
preference,1
prefix,1
prejudge,1
prejudice,2
prejudiced,1
preliminary,1
prelude,2
premise,1
premoni,1
preparation,3
preparatory,1
prepare,26
prepare.we,1
prepared,3
prepera,1
preperation,1
prepossessing,1
presage,2
prescribe,2
presence,17
presence.in,1
present,56
presently,14
preserve,1
press,23
pression,1
pressment,1
pressure,3
presume,1
pretend,10
preternatural,1
prettily,1
pretty,27
prevail,4
prevalent,1
prevent,7
previous,8
previously,1
prey,7
preying,1
pri,1
price,1
prick,2
pride,6
prig,1
principle,5
print,1
printin,1
prison,2
prisoner,7
private,6
privilege,8
prize,1
pro,2
pro-,22
probability,1
probable,2
probably,8
probe,2
problem,3
proceed,18
proceeding,1
process,3
procession,1
procure,3
prodigal,1
prodigious,2
produce,10
profanation,1
professional,1
professionally,1
professor,3
profit,1
profound,2
profuse,1
profusely,1
profusion,1
progress,3
project,3
projection,1
prolific,1
prolong,3
prolonged,3
prominence,2
prominently,1
promise,38
prompt,2
promptly,1
pronounced,2
proof,16
prop,1
propel,1
proper,5
properly,4
property,8
propo,1
proportion,3
proposal,4
propose,6
proprietor,1
prosaiac,1
prosaic,1
prosecute,1
prospect,2
prosper,1
prosperity,1
prostrate,2
prostration,2
protect,12
protection,1
protective,1
protest,4
protruberant,1
protrude,1
proud,7
proudly,3
prove,23
proved.hilde,1
proverb,2
provide,1
providence,1
providin,1
provision,3
prowl,2
prox,1
proximity,2
psalmist,1
psychic,1
psychological,1
ptomaine,1
public,4
pucker,1
puckered,1
puddle,2
puff,4
puffin,1
pull,32
pulpit,1
pulse,2
puma,1
punch,1
punct,1
punctuation,1
puncture,3
pungent,1
punish,2
punishment,1
pupil,1
pur,4
purchase,15
purchaser,1
pure,5
purely,2
purify,1
purifying,1
purity,5
purple,3
purpose,35
purse,1
pursue,6
pursued,1
pursuer,2
pursuit.in,1
push,8
puss,1
put,128
putty,2
puzzle,14
qua,1
quaint,4
qualitative,1
quality,6
qualus,1
quantity,2
quare,1
quarrel,2
quarter,8
quay,1
que,4
queer,10
queerest,1
query,2
quest,2
question,43
questionable,1
questioningly,2
questionly,1
quick,52
quicken,3
quicker,3
quickest,3
quickly,36
quickness,2
quicksand,1
quid,2
quiet,42
quieter,1
quietly,19
quietness,1
quietude,1
quit,2
quite,115
quiver,14
quondam,1
r,1
rabbit,1
rac,1
race,11
rack,1
rad,1
radi,1
radiant,1
radiantly,1
radius,1
rag,2
rage,9
ragged,1
rai,1
rail,4
railed-off,1
railway,4
rain,6
raise,50
rally,3
rance,1
range,8
rank,5
rapid,3
rapidity,2
rapidly,3
rapture,1
rare,8
rarer,1
rarity,1
rass,1
rat,16
ratchet,1
rate,21
rather,25
rational,2
rattle,4
rav,1
ravages,1
rave,2
ravings,4
raw,2
ray,12
razor,1
re,15
reach,27
reaction,5
read,92
readily,3
readiness,2
reading,6
ready,73
ready.she,1
real,22
realise,1
reality,10
realization,1
realize,17
really,32
realm,2
reap,3
rear,4
reason,36
reasonable,3
reasonableness,1
reasoning,1
reassure,2
rebel,1
rebuff,2
recall,9
receipt,3
receipted,1
receive,19
recent,6
recently,2
recep,1
receptacle,1
receptivity,1
recipe,2
recklessly,1
reckon,2
recline,1
reclining,1
recognize,10
recoil,4
recollect,1
recollection,2
reconcile,1
record,24
recorder,1
recover,8
recovery,1
recruit,2
recruiting,1
recuperate,1
recuperative,2
red,72
red-roofed,1
redden,4
redder,3
reddish,1
redeem,2
redeeming,1
redirect,1
redouble,1
redoubled,1
redress,2
reduce,4
reduction,1
reef,2
reefward,1
reek,2
reel,1
reet,2
refer,2
reference,1
refine,1
reflect,3
reflection,3
reflectively,1
reflex,1
refoosin,1
refraction,1
refresh,6
refreshing,1
refreshment,1
refuge,4
refusal,1
refusal.when,1
refuse,11
regain,1
regard,25
region,2
register,1
registrar,1
registration,1
regle,2
regret,2
regular,7
regularity,1
regulate,2
regulation,1
reign,1
rein,9
reins.the,1
reiten,1
reject,1
rejoice,16
rela,1
relapse,6
relate,4
relation,2
relative,4
relax,1
release,4
relentlessly,1
reliable,1
reliant,1
relief,11
relief.he,1
relieve,6
relieved,4
relig,1
religion,1
religious,2
rely,1
remain,48
remainder,1
remains,1
remark,7
remark.we,1
remarkable,3
remem,2
remember,52
remembrance,2
remind,6
remiss,1
remissness,1
remnant,2
remonstrance,1
remonstrate,2
remorse,1
remorseless,2
remote,1
removal,1
remove,14
render,2
renew,4
rent,5
reopen,2
repair,2
repeat,5
repeater,1
repel,1
repetition,1
replace,3
replenish,3
repletion,1
reply,41
report,28
repose,3
repre,1
reprehensible,1
repress,2
reproach,2
repud,1
repugnant,1
repulse,2
repulsion,2
repulsive,3
reputation,1
request,7
require,12
requirement,2
requisition,1
res,1
research,1
resemblance,1
reservation,1
residence,1
resident,1
resignation,1
resignedly,1
resilience,1
resist,2
resistance,3
resistless,1
reso,1
resolute,8
resolute.a,1
resolutely,4
resolution,9
resolve,4
resonance,1
resonant,1
resource,2
resourceful,1
respect,9
respectable,2
respectful,3
respectfully,1
respective,1
respects,1
respiration,1
respon,1
respond,2
response,6
responsibility,3
responsible,1
ress,3
rest,109
restful,1
restless,5
restlessly,1
restore,18
restrain,1
restrained,1
restraint,1
restrict,1
result,11
results.this,1
resume,7
resumption,1
resurrection,2
retain,2
reticence,2
reticent,2
retire,6
retrograde,1
return,52
reveal,2
revenge,2
reverence,1
reverently,5
reviling,1
revive,1
revol,1
revolt,1
revolutionize,1
revolve,1
revolver,2
reward,5
ri,1
rian,2
rib,1
ribald,2
ribbon,2
rible,2
rich,3
ricochet,1
rid,7
ride,9
rider,1
ridge,3
ridiculous,2
ridiculously,1
rifle,2
rift,2
right,97
right.if,1
righteousness,1
rightly,3
rights,2
rigid,1
rigidly,1
rigorously,1
ring,26
ringing,1
rinse,1
riot,1
ripen,1
ripple,3
rise,70
riser,1
rising,1
risk,8
ristic,1
rival,1
rived,1
river,31
road,33
roadside,1
roadway,5
roam,1
roar,6
roaring,2
roast,1
roasted,1
rob,3
robber,1
robe,3
robin,1
rock,23
rocky,4
role,1
roll,15
rolling,2
romance,1
romantic,1
roof,4
rook,2
room,249
room.after,1
room.as,1
room.by-and-by,1
root,4
rope,7
rosary,1
rose,4
rose-pink,1
rosy,3
rosy.her,1
rough,12
roughly,4
roumanian,2
round,104
route,2
routine,3
rove,1
row,4
rowing,1
rowlock,1
royal,1
rub,10
rubbish,1
ruby,1
ruby-red,1
rudder,1
ruddiness,1
ruddy,2
rude,6
rudi,1
rudiment,1
ruffle,1
rug,4
rugged,1
ruin,8
rule,5
rum,2
rummiest,1
rumour,1
run,101
runaway,1
runner,1
runnin,1
rupt,1
rush,43
rush-woven,1
russian,6
rust,2
rustle,2
rusty,7
ruth,1
ruthless,1
s,1
s-s-s-s,1
sack,1
sacred,20
sacrifice,2
sad,32
sad-looking,1
saddest,1
saddle,1
sadly,6
sadness,3
safe,25
safe.judge,1
safely,2
safer,4
safest,1
safety,18
safety-pin,2
sage,1
said.she,1
sail,29
sailing,3
sailor,5
sairly,1
sake,28
sal,1
salad,1
sale,3
salient,1
salt,1
salutation,1
salute,1
salvage,1
salvation,1
same,113
same.this,1
sanatorium,1
sanc,3
sance,1
sanctify,2
sanction,1
sand,7
sandpoint,1
sandy,3
sane,17
sanest,1
sanguine,2
sanity,7
santer,1
sapphire,2
sarcastic,1
sary,1
sash,7
satiate,1
sation,1
satis,1
satisfaction,1
satisfactorily,1
satisfactory,1
satisfied,7
satisfy,17
saturnine,1
saucer,2
saunter,1
sauvely,1
sauvest,1
savage,4
savagely,1
save,41
savin,1
saw,5
saxon,1
say,808
sayin,1
scale,7
scandal,1
scantily,1
scar,16
scarce,1
scarcely,1
scare,4
scared,1
scarin,1
scarlet,2
scart,2
scatter,10
scene,12
scep,1
sceptic,2
sceptical,4
scheme,5
scholar,1
school,3
schoolboy,1
schooling,1
schoolmist,1
schoolroom,1
schooner,6
science,12
scientific,1
scientist,3
scion,1
scious,1
sciously,2
scold,1
scope,2
score,2
scorn,1
scour,1
scout,1
scowderment,1
scowl,1
scramble,1
scrap,4
scrape,1
scratch,3
scratchin,2
scream,15
screech,3
screw,6
screwdriver,2
scribe,1
script,2
scriptural,2
scruff,1
scrutinize,1
scrutiny,1
scud,2
scunner,1
scupper,1
scythe,1
scytheman,1
se,4
sea,40
sea-fog,2
sea-mist,2
sea.it,1
seabird,1
seaboard,1
seal,8
seal.will,1
sealed,3
seaman,2
seamanship,1
sear,1
search,34
searchlight,6
seasoned,1
seat,41
seawall,2
seaward,1
seaweed,1
second,19
secondly,2
seconds,12
secrecy,2
secret,21
secretary,1
section,2
secu,1
secure,8
securely,2
sed,1
see,738
see.but,1
seein,2
seek,29
seem,385
seeming,3
seemingly,21
seize,18
sel,1
seldom,1
select,1
selection,1
self,35
self-assertion,1
self-command,2
self-control,1
self-satisfied,1
self-surrender,1
selfish,12
selfishness,4
sell,9
semblance,1
semi-demon,1
sence,2
send,79
sens,4
sensation,2
sense,16
"sense,honey-sweet",1
sense.i,1
sensibility,1
sensibly,1
sensitive,5
sensual,1
sent,1
sentence,1
sentience,1
sentiment,1
sently,2
sentus,1
sepa,1
separate,4
september,1
sequel,1
sequence,2
sere,1
sergeant,1
series,5
serious,9
seriously,1
seriousness,4
sermon,1
serpentine,1
servant,14
servation,1
serve,10
service,17
servile,2
set,67
set.noth,1
sett,1
setting,3
settle,13
sev,1
seven,3
seventeenth,2
seventy-two,1
sever,1
several,14
severe,1
severely,2
sex,2
sexton,3
sha,2
shadder,1
shade,2
shadow,29
shadowy,3
shady,1
shaggy,1
shake,39
shall,421
shallows,2
shame,6
shape,12
share,6
sharing,1
sharp,26
sharp-looking,1
sharpen,2
sharper,8
sharply,1
shatter,2
shav,1
shave,5
shaven,2
shaving,1
shawl,3
she,1850
shear,2
sheath,1
shed,1
sheep,4
sheepskin,2
sheer,5
sheet,9
sheim,1
shel,1
shelf,1
shelter,10
sheltered,1
shelve,1
sherry,3
shield,1
shift,4
shifty,2
shillin,1
shine,17
ship,65
ship.he,1
shipper,1
shipping,3
shire,1
shirt,3
shirt-sleeve,1
shirtsleeve,2
shiv,1
shiver,7
shiverin,1
sho,1
shoal,1
shock,38
shock.his,1
shocked,1
shoe,4
shone,2
shoot,9
shop,4
shore,12
short,23
shorten,1
shorthand,9
shortly,11
shot,4
should,198
should.there,1
shoulder,30
shout,12
shove,2
shovel,2
show,71
show-orf,1
shriek,3
shrill,1
shrillness,1
shrine,1
shrink,10
shrivel,1
shroud,2
shrubbery,3
shrug,1
shudder,24
shun,2
shut,33
shutter,6
shyme,1
si,1
sibility,1
sible,1
sick,11
sick.by,1
sicken,2
sickly,1
sickness,1
side,71
side.the,1
sideboard,1
sidelong,2
siderable,2
sides.the,1
siege,1
sigh,13
sight,39
sight.we,1
sign,40
signal,7
signature,1
significance,2
significantly,3
signus,1
sil,1
silence,50
silent,36
silently,7
silhouette,1
silk,4
sill,5
silly,2
silver,10
silver-plating,1
silvery,1
similar,8
similarity,1
similarly,1
simile,1
simoon,1
simp,1
simple,16
simplest,1
simplicity,3
simplify,1
simply,46
simul,1
simultaneously,2
sin,1
since,86
sincerely,1
sincerity,2
sinewy,1
sing,11
singing,4
single,7
singleness,1
singly,3
sink,30
sinking,1
sinuous,1
sion,8
sionally,1
sir,25
sissing,1
sist,1
sister,11
sit,131
site,1
sittin,1
situate,2
situation,3
sity,1
six,12
sixty-nine,1
size,8
skeer,1
skeleton,2
sketch,1
skill,1
skin,7
skipper,1
skull,2
sky,20
skywards,1
slab,2
slack,4
slacken,1
slam,1
slang,5
slap,1
slate,1
slaughter,2
slave,2
slavery,1
slay,1
sledge,1
sleek,1
sleep,256
sleep-walk,1
sleep-walker,1
sleep-walking,6
sleeping,2
sleeping.I,1
sleepless,3
sleeplessness,1
sleeps,1
sleepy,15
sleeve,1
sleeve.There,1
slender,2
slep,1
slew,1
slide,7
slight,5
slightest,2
slightly,8
sling,2
slip,5
slipper,2
slippery,1
slit,1
slivovitz,1
slope,3
sloping,1
sloppy,1
slovak,4
slow,5
slow.Festina,1
slowly,6
slowness,3
slumber,1
small,40
smaller,3
smallest,1
smart,2
smattering,1
smear,3
smell,22
smile,58
smite,1
smith,1
smoke,10
smoky,1
smooth,5
smoothest,1
smoothness,1
smother,2
smut,1
snake,1
snakelike,1
snap,2
snappy,1
snare,1
snarl,3
snatch,3
sneer,3
sneering,1
sniff,1
snod,1
snog,1
snort,2
snow,43
snow-covered,1
snowfall,2
snowy,5
snub,1
snuff,1
snug,1
snuggle,1
so,1096
soap,1
sob,15
sober,3
soberly,1
social,1
sofa,17
sofa.he,1
sofas.you,1
soft,15
soften,4
softened,1
softer,1
softly,19
softness,5
soil,3
sojourn,1
sol,1
solder,2
soldering,1
soldier,3
sole,3
solemn,11
solemnest,1
solemnity,3
solemnly,17
solic,1
solici,1
solicitor,12
solicitude,1
solid,3
solution,1
solve,3
some,459
somehow,21
someone,7
somethin',2
something,126
something.the,1
somethink,1
sometime,1
sometimes,19
somewhat,31
somewhere,27
somewheres.for,1
son,8
sonal,1
song,3
soon,68
sooner,1
soothe,3
soothed,1
soothing,2
soothingly,1
soph,1
sordid,1
sore,4
sorely,1
sorrow,18
sorrowful,4
sorrowfully,2
sorrowin,1
sorrowing,3
sorry,9
sort,91
soul,85
soul.then,1
sound,57
soundly,10
soup,1
source,3
south,12
south-west,1
south.the,1
southeast,1
southern,1
sovereign,4
sow,3
space,7
spade,2
spainiard,1
span,1
spangle,1
spanish,1
spar,1
spare,6
spark,2
sparkle,1
sparkling,1
sparrow,5
spasm,1
speak,192
speak.in,1
speaking,6
special,11
specialist,1
specialty,1
specie,1
species,1
specific,1
specimen,3
speck,6
spect,1
speech,5
speechless,1
speed,12
speed.we,1
speer,2
spell,18
spell.at,1
spelling,3
spend,8
sperm,1
spider,22
spider.i,1
spike,1
spilt,1
spin,2
spirit,35
spirited,1
spiritless,1
spiritual,8
spiritually,1
spit,1
splendid,3
splendidly,1
splendor,1
splintered,1
sponsibility,1
spontaneous,1
spontaneously,1
spot,10
sprawl,1
sprawling,1
spread,11
spring,20
sprout,2
spruce-looking,1
spume,1
spur,3
spurt,3
spyglass,1
squadron,1
squall,1
square,4
squat,1
squeezed-in-a-corner,1
squire,1
stab,2
stable,4
staff,1
stage,5
stagger,3
stagnant,1
stain,5
stainless,1
stair,13
stairway,2
stake,20
stalwart,2
stammer,2
stamp,7
stance,2
stanchion,1
stand,110
stand-up,1
standing,1
standstill,1
stant,2
stantly,1
star,4
stare,7
stare.this,1
stark,1
start,65
started.they,1
startle,7
startled,4
startling,5
startlingly,2
state,33
stately,2
statement,6
statesman,1
station,23
statue,2
stature,3
stave,2
stay,45
stead,2
steadfastness,1
steadier,1
steadily,2
steady,4
steadying,1
steak,1
steal,16
steam,8
steamboat,1
steamer,3
stean,4
steel,5
steel.i,1
steep,12
steeply,4
steer,5
steering,1
steersman,3
stem,4
stench,1
stenograph,1
stenographic,1
stenography,1
step,60
ster,3
sterical,1
sterilize,6
stern,14
sterner,2
sternest,2
sternly,7
sternness,3
stertorous,5
stertorously,2
stethoscope,1
stick,5
sticking,1
stiff,2
still,117
still.he,1
stillness,3
stimulant.she,1
stimulate,1
stinctive,1
stinctively,1
sting,3
stint,1
stir,11
sto,1
stock,4
stolidly,1
stone,27
stone-mullioned,1
stone.the,1
stonework,2
stony,2
stook,1
stool,2
stoop,4
stop,64
stoppage,1
storage,1
store,3
storey,2
storm,19
storm-tossed,1
stormy,2
story,17
storybook,1
stouter,1
stow,1
straggle,1
straggler,1
straggling,1
straight,22
straightfordwardly,1
strain,19
strained,2
strait,12
strand,1
strange,90
strangely,7
strangeness,1
stranger,14
strangest,2
strategic,1
straw,1
stray,4
streak,5
stream,16
streaming,2
street,7
stregoica,2
strenghten,1
strength,45
strength.All,1
strengthen,3
strenuous,1
strenuously,2
stress,1
stret,1
stretch,9
strew,1
strewment,1
stricken,4
strict,4
stride,1
strike,45
striking,2
string,3
strip,4
stripe,1
striv,1
strive,5
stroke,7
strol,1
stroll,5
strong,61
strong-faced,1
stronger,10
strongest,1
strongly,4
struction,1
structure,1
strug,1
struggle,20
stubble,1
stubble-field,1
stud,3
student,5
study,46
stuff,4
stuffy,1
stumble,1
stunned,1
stupendous,1
stupid,3
stupidity,1
stupidly,1
stupor,2
sturdy,1
style,3
suave,1
suavity,1
sub,1
sub-cutaneous,1
subdue,2
subject,24
subjective,1
subjectively,1
subjuct,1
sublime,2
submit,2
substitute,1
subtle,5
subtly,1
suburban,1
suc,1
succeed,9
succeed.she,1
success,3
successful,6
successfully,1
succumb,1
such,226
suck,5
sud,1
sudden,25
suddenest,1
suddenly,49
suff,2
suffer,27
sufferer,2
suffering,3
suffice,1
sufficient,9
suffocate,1
suffused,1
suffusion,2
sug,1
sugar,6
suggest,7
suggestion,3
suicide,3
suit,6
suitability,1
suitable,3
suite,1
sulky,1
sullen,3
sullenness,1
sulphurous,1
sult,3
sultry,2
sum,3
summer,3
summertime,1
summit,3
summon,8
summons,1
summut,1
sun,59
sunburst,1
sundown,2
sunlight,9
sunny,1
sunrise,21
sunrise.there,1
sunset,44
sunshine,13
sunt,1
sunup,2
sup,5
super,2
supercargo,1
superficial.the,1
superior,1
superiority,1
supersteetion,1
superstition,9
superstitious,2
superstus,1
supper,16
supper.during,1
supplement,1
supplication,1
supply,4
support,2
suppose,54
supposition,1
suppress,1
suppress.he,1
suprem,1
supremely,1
sur,2
sure,46
sure.so,1
surely,22
surer,1
surest,1
surface,2
surge,2
surgeon,2
surgical,2
surlier,1
surly,1
surmise,9
surprise,29
surprised,6
surprised.just,1
surround,5
surroundings,3
survey,1
survive,5
sus,3
suspect,5
suspense,5
suspi,1
suspicion,12
suspicious,5
suspiciously,1
sustain,2
swallow,4
swan,1
swarm,2
sway,4
swear,21
sweat,2
sweep,36
sweet,64
sweet-faced,1
sweeter,2
sweetly,13
sweetness,10
swell,6
swift,5
swiftly,3
swiftness,1
swing,6
swirl,3
swirling,2
swollen,2
swoon,3
swoop,1
sword,2
sword-cut,1
sylvanian,1
symbol,5
symbolic,1
sympathetic,2
sympathise,1
sympathize,1
sympathy,11
sympathy.i,1
symptom,3
system,4
systematic,1
systematically,2
szek,1
szgany.all,1
t,4
table,33
table.i,1
tablet,2
tache,1
tacit,1
tackle,1
tail,5
tain,3
tainly,1
taint,3
take,460
taker,1
taketh,1
tale,3
talent,1
talisman,1
talk,62
talkative,1
tall,14
tally,4
tame,3
tance,3
taneously,1
tangible,1
tap,3
tar,1
tarnish,1
task,39
taste,4
tate,1
tattered,1
tax,3
tea,20
tea-cake,1
teach,7
teacher,1
teaching,3
team,2
teapot,2
tear,41
technical,1
tectingly,1
teem,4
teeth.besides,1
telegram,28
telegraph,7
telegraph.he,1
telephone,1
tell,377
tellin,2
temper,3
temperament,2
tempest,4
temple,2
tempt,2
temptation,1
tempting,1
ten,17
tend,1
tendant,1
tendency,1
tender,6
tenderly,6
tenderness,4
tennis,1
tense,2
tent,1
tenth,1
tention,1
ter,10
terday,2
teresting,1
teribly,1
terious,2
teristic,1
term,4
terr,5
terrestrial,1
terrible,91
terribly,11
terrier,1
terrific,2
terrify,3
terror,29
terview,1
tery,2
test,6
testamentary,1
testily,1
tether,1
tethered,1
th,2
than,230
thank,40
thankful,3
thankfully,2
thankfulness,2
thanks,6
that,2457
thatlove,1
the,7826
the-wisp,1
thee,1
theer,1
them.it,1
them.neither,1
them.so,1
them.the,1
them.today,1
them.we,1
theme,3
themselves,30
then,530
thence,3
theory,5
ther,4
therapeutics,1
there,752
there.i,1
there?and,1
therefore,16
thereinto,1
thereon,1
thereto,1
these,111
thesis,2
they,1126
thick,11
thick-headed,1
thick-set,1
thicker,5
thin,34
thing,289
thing.gin,1
things.and,1
things.i,1
things.in,1
think,361
thinkin,2
thinking,3
thinnest,1
third,6
thirst,5
thirsty,3
this,613
this.if,1
this.you,1
thither,2
thocht,2
thorn,1
thorny,1
thorough,4
thoroughly,4
thort,1
those,83
though,219
thought,62
thoughtful,2
thoughtfully,1
thoughtlessness,1
thousand,18
thrall,2
thread,4
threat,3
threaten,2
threatening,1
three,62
threshold,2
threshold.we,1
thrill,4
thrilling,1
thrive,1
throat,44
throats.an,1
throb,1
through,212
through-stone,1
throughout,6
throw,66
thruff-stone,1
thruffstean,1
thrust,2
thud,1
thumb,3
thunder,8
thunderous,1
thunderstruck,1
thus,24
thwart,4
tially,1
tic,2
ticket,4
tickle,1
tide,15
tide.see,1
tiding,1
tidy,3
tie,17
tiful,1
tify,1
tiger,6
tight,14
tighten,3
tightens.the,1
tightly,1
til,1
till,134
tiller,1
tim,1
time,433
time-discolored,1
time.i,1
time.many,1
times,1
tinct,1
ting,5
tinge,3
tingle,5
tingling,1
tiniest,1
tinkle,1
tinkling,1
tint,2
tinue,1
tinus,1
tiny,10
tion,23
tions.these,1
tiously,1
tip,1
tiptoe,2
tire,10
tired,15
tireless,1
tis,1
tissue,1
title,5
tive,1
tively,4
tize,1
to,4452
to-night,1
toad,1
tobacco,1
tobolsk?what,1
today,55
toe,1
toge,1
together,69
together.or,1
toil,4
toilet,4
tokay,1
token,1
tol,2
tolerant,1
toleration,1
toll,4
tomb,39
tombstean,2
tombstone,6
tombstones.look,1
tomor,1
tomorrow,43
tompstean,1
ton,1
tone,20
tongue,17
tonight,70
tonight.i,1
tonight.sam,1
too,213
too-flattering,1
took,1
tool,4
toom,1
tooth,39
top,29
top-hammer,1
topic,2
tor,1
torn-open,1
torous,2
torrent,2
tortoise,1
torture,7
tortured,1
tory,1
toss,3
tot,1
total,1
touch,54
touching,3
tough,1
tour,1
touter,1
toward,1
towards,40
towel,2
tower,4
town,22
trace,20
track,10
tract,1
trade,4
tradition,5
traffic,2
tragedy,3
trail,3
train,41
tral,1
tramp,5
tran,2
trance,16
tranquil,1
transaction,4
transcendentalism,1
transcribing.then,1
transcript,3
transfer,2
transference,1
transfix,1
transform,2
transfu,1
transfuse,1
transfusion,7
transfusion.i,1
translate,1
transparent,1
transylvania.i,1
traordinary,1
trap,7
travel,21
traveller,2
travels,2
travesty,1
tre,1
tread,4
treasure,3
treasured,1
treat,11
treatment,3
treaty,1
tree,30
tree.he,1
tremble,19
tremor,1
tremulous,1
trenchant,1
trephining,1
tress,1
trial,3
tribe,1
trick,5
trickle,6
trifle,3
trim,2
trimmlin,1
trip,5
tripper,1
trituration,1
tritz,1
trium,1
triumph,6
triumphantly,1
trivial,1
troops,3
troubl,1
trouble,61
troubled,2
troubles.and,1
trough,1
trousers,4
troy,1
truck,2
true,58
true.it,1
truest,3
truism,1
truly,9
trumpet,3
trunk,2
trust,63
trusting,1
truth,23
try,150
tryin,1
tua,1
tuary,1
tub,1
tuck,3
tude,1
tumble,3
tumblin,2
tumult,1
tumultuous,1
tune,4
tunity,2
tunnel,1
tunnel-like,1
turb,2
turesque,1
turkey-land,1
turkeyland,1
turkish,3
turn,147
turnin,1
turning,1
turnscrew,2
tury,4
tussock,3
twa,1
twar,1
tween,2
twelve,6
twenty,9
twenty-four,1
twenty-nine,1
twenty-one,1
twenty-two,1
twi,1
twice,14
twilight,2
twine,1
twinkle,1
twist,3
twitch,1
twitter,1
two,129
two-pages-to-the-week-with-sunday,1
two.Van,1
two.i,1
ty,1
tyke,2
type,6
typescript,1
typewrite,6
typewriter,10
typewriting,1
typewritten,3
typical,2
typify,1
ual,1
ud,1
ue,1
ula,2
ular,1
ultimate,2
ultimately,3
ulty,1
un,16
un-dead,3
unable,3
unasked,1
unately,1
unattended,2
unavailing,2
unavailingness,1
unaware,1
unawares,1
uncanny,3
uncare,1
unceasing,1
uncertain,3
unchanged,1
unclad,2
unclean,7
uncommon,1
uncommonly,1
uncommunicative,1
uncon,3
unconcern,1
unconscious,10
unconsciously,3
undead,10
under,72
undergarment,1
undergo,4
underlie,1
underlip,1
underneath,3
understand,59
understand.but,1
understanding,4
undertake,2
undertaker,7
undeveloped,1
undisciplined,1
undo,4
undoing,2
undoubtedly,2
undress,3
undulate,1
unduly,1
uneas,1
uneasi,1
uneasily,1
uneasiness,2
uneasy,9
unequalled,1
unexpected,3
unexpectedly,1
unfairly,1
unfettered,1
unfitting,1
unfold,3
unfriendly,1
ungracious,1
ungrate,1
ungrateful,1
unhal,1
unhallowed,1
unhappily,2
unhappy,12
unharmed,1
unheard,1
unhinge,2
unholy,3
unhook,3
unhuman,1
unhurt,2
unique,1
unison,1
unite,1
unity,1
universal,1
universale,1
universally,1
universe,2
unknowing,3
unknowingly,1
unknown,11
unless,20
unlike,1
unloaded,1
unlock,3
unlucky,1
unmask,1
unmercifully,1
unmistak,1
unmounted,1
unmoved,1
unmoving,1
unnatural,2
unnecessary,2
unnerve,1
unnerved,1
unobserved,1
unopened,2
unpleasantness,1
unprepared,1
unpunctual,1
unreal,1
unreality,1
unrecorded,1
unrest,1
unscrew,1
unsealed,1
unsearched,1
unseat,1
unseen,1
unselfish,5
unselfishness,1
unshed,1
unspeakable,2
unspirit,1
unstained,1
unsteered,1
untellable,1
unten,1
unthinking,1
unthinkingly,1
until,44
untouched,1
untrembling,1
untrue,1
unturn,1
unusual,5
unusually,1
unutterable,1
unutterably,1
unvaried,1
unwisely,1
unwonted,1
unworthy,1
unwound,1
uorous,1
uousness,1
up,436
up-to-date,1
up.then,1
upend,1
upholstery,1
upon,88
upright,1
upset,19
upset.i,1
upside,1
upstairs,3
uptuous,1
upward,1
ural,2
urbane,1
ure,2
urge,4
urgent,1
urtin,1
us.at,1
us.he,2
use,97
used,1
useful,11
useless,3
useless.with,1
usin,1
usual,33
usually,9
ut,2
ute,2
utmost,8
utter,1
utterance,1
utterly,2
v-voice,1
vague,9
vain,5
vall,1
valley,8
valu,1
valuable,1
value,5
vampire,19
vance,1
vania,1
vanish,4
vanity,3
vapor,1
vaporous,1
var,1
varied,2
variety,1
various,11
vast,5
vastly,1
vastness,1
vation,1
vault,7
vaulted,1
ve,1
ved,1
vehicle,1
veil,2
vein,23
vel,1
velvet,2
velvety,1
venalia,1
vendor,2
vengeance,1
vent,1
venture,5
ver,2
verb,1
verbatim,1
verdict,1
verge,2
verify,2
veritable,2
vernacular,1
vertebra,1
very,273
vessel,3
via,1
viaduct,2
vibrate,1
vice,2
vicious,1
victim,6
viction,1
victor,1
victoria,1
victory,1
vide,1
view,20
vif.her,1
vigil,1
vigil.When,1
vigorous,1
vigour,1
viking,1
vile,2
vilely,2
village,3
villainy,2
vindictive,1
vio,1
violate,2
violence,4
violent,10
violet,1
viper,1
virgin,2
virtue,2
visible,6
visit,26
vital,6
vitality,2
vitally,1
vivacity,2
vivid,1
vivify,1
vivisection,1
vlkoslak,1
vocation,1
voice,65
void,1
voke,1
vol,1
volcanic,1
volcano,1
voli,1
volition,1
volume,1
voluntarily,1
volunteer,1
volupt,1
voluptuous,9
voluptuousness,1
volve,1
vote,2
vouch,1
voyage,4
vrolok,1
vulgar,1
vulgarize,1
vulpine,1
w,1
wad,1
wafer,6
wafer-like,1
waft,1
wag,3
wages,1
wagon,3
wail,9
waist,2
waistcoat,7
wait,104
waiter,1
waitin,3
wake,87
wakeful,3
waken,5
waking,5
walk,48
walkin,1
walking,1
wall,37
walled,1
waltz,1
wampyr,1
wan-eyed,1
wan-looking,2
wander,3
want,180
wantin,1
wanton,2
wantonness,1
war,9
ward,3
wardrobe,1
ware'us,2
warlike,4
warm,10
warmly,4
warmth,4
warn,18
warnin,1
warning,9
warningly,1
warrant.she,1
wary,1
was.if,1
wash,4
waste,8
watch,89
watch-case,1
watch.but,1
watch.i,1
watch.the,1
watcher,1
watchman,2
water,66
waterglass,1
waterway,1
wave,22
wax,5
waxen,4
way,241
way-bill,1
way.i,1
way.that,1
way.when,1
we,2394
wea,2
weak,22
weak.and,1
weaken,4
weaker,7
weakest,2
weakly,1
weakness,10
wealth,5
weapon,10
wear,24
wearily,2
weary,6
weather,11
weatherworn,1
weave,1
web,1
wedd,1
wedding,4
wee,1
week,25
week-old,1
ween,1
weep,6
weepy,1
weigh,4
weight,11
weighted,1
weird,4
welcome,11
well,239
well-behaved,3
well-being,1
well-bred,1
well-known,1
well-lit,1
well-sized,1
wer,2
werewolf,2
west,5
west.i,1
western,3
westward,3
westwards.the,1
wet,4
whale,1
wharf,1
what,468
whatever,25
whatsoever,1
whe,1
whee,1
wheel,15
wheeling,2
when,761
whence,6
whenever,6
where,219
whereas,1
whereby,1
wherefore,1
wherein,3
whereon,5
whereupon,2
wherever,1
whet,3
whether,18
whettin,1
whey,1
which,658
whiff,2
while,54
while.it,1
whilst,95
whinny,2
whip,9
whirl,8
whirling,4
whirlpool,2
whis,1
whisper,31
whispering,1
whistle,6
whit,1
white,99
white-clad,1
white-hot,1
white.i,1
white.they,1
whitehot,1
whiteness,2
whitening,1
whiter,6
whites,1
whither,7
whithersoever,1
whitish,1
who,282
whoever,2
whole,73
wholesome,2
whom,42
whom.He,1
whose,30
why,90
wi,9
wicked,4
wickedly,1
wickedness,3
wide,29
widely,1
widen,2
wider,1
widow,1
width,1
wife,35
wild,43
wild-eyed,1
wilder,2
wildest,1
wildly,3
wile,2
wiles,1
will,482
will-o,1
will.i,1
will.now,1
will.therefore,1
willing,10
willingly,2
wily,4
win,24
wince,3
winchester,4
wind,55
window,129
window.all,1
window.then,1
windpipe,1
wine,6
wine-press,1
wing,13
wink,3
winning,1
winningly,1
winter,3
winter-suffield,1
wipe,7
wire,11
wisdom,1
wise,11
wisely,2
wiser,1
wisest,1
wish,90
wisp,1
wit,7
witch,5
with,1275
withal,1
withdraw,6
withered,1
within,41
without,132
witness,3
wizard,1
woe,7
woe-begone,1
woeful,1
woefully,1
wold,3
wolf,70
woman,98
woman.even,1
womenkind,1
wonder,41
wonderful,24
wonderfully,4
wonderin,2
wonderous,1
wont,2
wood,16
wooden,6
word,114
work,186
work.indeed,1
work.madam,1
working,1
workman,4
world,61
worn,3
worried,2
worry,7
worse,17
worse.am,1
worser,1
worship,3
worst,9
worth,14
worthless,1
worthy,3
wot,1
would,463
wound,27
wounded,1
wrap,7
wrath,3
wreath,9
wreathe,2
wreck,5
wrench,4
wrenching,1
wretch,3
wretched,1
wring,8
wrinkle,3
wrinkled,1
wrist,10
write,128
writer,2
writhe,3
writing,3
wrong,28
wrought.I,1
wry,1
wynd,1
x,1
y,2
yabblin,1
yard,13
yarn,2
yawing,1
ye,30
year,35
yearn,1
yearning,3
yell,2
yelling.as,1
yellow,6
yellowed,1
yelpin,1
yelping,1
yer,10
yes,38
yesterday,25
yet,154
yew,6
yield,13
yoke,1
you,1693
young,52
younger,5
yours,13
yours.your,1
yourself,20
yourself.On,1
yourselve,2
youth,5
youthful,2
yus,2
z,1
zeal,1
zealous,1
zoo,2
zoological,1
zoophagous,4
zoophagy,1
